,创建者,简述,收藏数,转发数,评论数,标签,图片地址
0,明石w行社,〖日系〗骑行少年与元气摇滚,733,8,26,日语摇滚,http://p1.music.126.net/sRbsvGKoOel-7lMQl4Moig==/109951163399596872.jpg?param=140y140
1,Sk1un,华语唱作人|才华横溢文武双全,1220,0,19,华语流行经典,http://p1.music.126.net/T7P8hvtC2QNje88Ur5dfEw==/18614731860453500.jpg?param=140y140
2,鹿白川,Wow！这些歌简直好听到闪闪发光,2033,2,23,欧美流行放松,http://p1.music.126.net/U4xouGXwuN2_JHu61FC0SA==/18686200116245922.jpg?param=140y140
3,惊乙,吸仙气！这些歌的封面全是好看的小姐姐,363,5,20,韩语另类/独立清新,http://p1.music.126.net/56zW9gaQLNUAV-mnCsW_Bg==/18996262393699668.jpg?param=140y140
4,他名称为奇妙策士,「轻电」悦耳旋律｜入耳清凉,872,8,12,欧美电子放松,http://p1.music.126.net/v2tbIH7DsCS2c7F1GFA3TQ==/18962177533249066.jpg?param=140y140
5,等你先爱我,愿对方安好，愿你可以放下,633,8,10,华语流行治愈,http://p1.music.126.net/l891nAHJaQQNUXPYgDsjEg==/109951163410028044.jpg?param=140y140
6,DJSnake,DJ??Snake??Radio,1684,6,38,欧美电子说唱,http://p1.music.126.net/nMRjEaAJ6kf4t5n-E-NWPA==/109951163403259562.jpg?param=140y140
7,MarshmelloMusic,Mello Gaming,16265,6,397,电子欧美舞曲,http://p1.music.126.net/p-s-kDologUtyNYrloS1Xw==/109951163406760406.jpg?param=140y140
8,Tobeagorgeousfart,【漂浮设定】夏日西瓜味的糖与你,9569,3,62,华语放松流行,http://p1.music.126.net/zfIdexOWSbhin7Z3F07fSw==/109951163405066616.jpg?param=140y140
9,鹿白川,论如何优雅的做个不动声色的大人,99927,8,981,欧美安静治愈,http://p1.music.126.net/OTo1B2rt0B4qgqwM4JcKcA==/19106213556533227.jpg?param=140y140
10,辞雀,『古风』催泪剪辑常用BGM,65683,3,3471,华语流行古风,http://p1.music.126.net/9Eno8oEcNRy8vXzyEtudPA==/18998461416954452.jpg?param=140y140
11,云音乐VIP,那些年我们追过的翻唱神曲,2335,7,39,华语日语怀旧,http://p1.music.126.net/ExcxmH38i-Go7_4fj2ADHw==/109951163405481423.jpg?param=140y140
12,米契比,「古典」舞动人生 蹈出精彩,2374,6,18,古典舞曲,http://p1.music.126.net/2pTb3Ltqw07ey_AiRac_-g==/109951163400829914.jpg?param=140y140
13,WW青尘,这些歌名连起来，是我暗恋你多年的秘密,106660,1,1250,华语流行伤感,http://p1.music.126.net/P1IXTC2djtA89w7SDaTMyQ==/109951163391859286.jpg?param=140y140
14,云音乐VIP,新歌声的七年之痒??聆听冠军成长之路,1309,3,17,华语怀旧感动,http://p1.music.126.net/n4400jtTfgmbltG3IWscJQ==/109951163404863171.jpg?param=140y140
15,Bulletproof-Heart,Punk Remix 朋克与电音的行星对撞,474,8,5,欧美电子朋克,http://p1.music.126.net/VHn6XfbQybqkh7tBC3rBxw==/19177681812282226.jpg?param=140y140
16,七黛月,Liquid DnB告诉你什么才叫摄人心魂的BGM!!,9974,8,50,电子欧美另类/独立,http://p1.music.126.net/3YZ4LsD7_CA9z3hV8p3ASQ==/19060034068097366.jpg?param=140y140
17,花色游戏,『古风』我自问酒不问仙 半世逍遥半世癫,10401,9,298,华语古风孤独,http://p1.music.126.net/myeCBFphfOFBbhI39iEpDA==/109951163403711788.jpg?param=140y140
18,不要乱来啦,活的像风 没有归宿 却也够酷,7596,2,121,欧美流行工作,http://p1.music.126.net/AoQzfwE2EhNjqvtFHuPKyA==/19202970579730355.jpg?param=140y140
19,慢门先生,二字华语｜不经意的偶遇 无意间的心动,3107,6,58,华语流行粤语,http://p1.music.126.net/FxzcFdtIEcXJ8VoxDbh7Pw==/19047939440211754.jpg?param=140y140
20,莉犬,心碎日语| 好想触碰你，好想见到你,37791,2,282,日语ACG伤感,http://p1.music.126.net/-GU6rDGfut2k9PZUsNfz0Q==/109951163395653143.jpg?param=140y140
21,佯佯得意,听了几个故事，正好讲给你玩,45026,4,280,华语古风感动,http://p1.music.126.net/nyKX7yZGyVRADTbehV0h7A==/18603736744128350.jpg?param=140y140
22,云音乐歌单之友,《中国新说唱》入围选手作品合集,51338,7,1429,华语说唱,http://p1.music.126.net/EkTY14KMxcQGPVrt6FAHuA==/109951163380159129.jpg?param=140y140
23,大小姐不高兴,????18年6月新热电音推送,18441,6,269,欧美流行电子,http://p1.music.126.net/Nvv0Bk8z3-2fVsxwhPEySw==/18501482162798944.jpg?param=140y140
24,卿公子的字,最新神曲合集，这个夏天就靠它们过了！,14934,3,29,流行世界音乐华语,http://p1.music.126.net/VVHU6FzAisT1JAtlPdwdCQ==/18738976674416019.jpg?param=140y140
25,花色游戏,『古风』古往今来多少事 皆随风雨醉心头,21848,4,72,华语古风流行,http://p1.music.126.net/eEfM26LUc-YTXjRVhBWF-w==/109951163389210259.jpg?param=140y140
26,傻某猹,“甜蜜的事情有一大半都发生在夏天”,8839,5,78,欧美放松快乐,http://p1.music.126.net/duEGdGbhHbsihRvG4jhd9A==/109951163398515275.jpg?param=140y140
27,-情殇雨夜-,炎热夏季，就要冲响浴池进行曲,43759,8,336,华语快乐流行,http://p1.music.126.net/Bls0ekEKKCn4lRSIyhJHuQ==/109951163395793610.jpg?param=140y140
28,AirRadio空气赫兹,夺冠之夜??|??暂别世界杯，足球之外还有音乐,214,8,11,流行摇滚运动,http://p1.music.126.net/zcByzcV-cz1jSD7hhfGg4w==/109951163409351445.jpg?param=140y140
29,-情殇雨夜-,暗恋始终是一个人的流离失所,29384,0,283,华语流行伤感,http://p1.music.126.net/Ik_2ud_6tUtfLi94LtupSQ==/109951163390002383.jpg?param=140y140
30,格雷森_蔡斯,『纯音集』| 绝美温柔搭配优雅钢琴,5018,5,20,轻音乐感动治愈,http://p1.music.126.net/DIhswkfurDMUJMH2OMDQjg==/109951163389723866.jpg?param=140y140
31,网易云音乐,【青春洋溢】乐华娱乐热门单曲精选,657,7,119,流行华语榜单,http://p1.music.126.net/Hbe3khGX2WL8vYyF3UVdgQ==/18935789254179941.jpg?param=140y140
32,不安定的滑稽,这位同学 打扰一下，有个恋爱想和你谈谈,17873,4,269,日语浪漫ACG,http://p1.music.126.net/DGka2Wu_5PSaqLyKaQT7ww==/18988565812043578.jpg?param=140y140
33,O你,即使生命如尘，仍愿岁月如歌,22531,8,129,华语治愈,http://p1.music.126.net/qMACzIR5NueIuItPV2jjTg==/18873117091265008.jpg?param=140y140
34,紫萱Daylily,偏偏遇到你 恋着多欢喜,17456,2,344,华语民谣流行,http://p1.music.126.net/FRSmQQlokuSISVYgpnMkWQ==/18686200116266964.jpg?param=140y140
0,情思天鹅,最后一个夏天，我们就要说再见了,11991,1,131,华语流行民谣,http://p1.music.126.net/qps5ABG4A5dv8qIagewVZA==/19177681812264521.jpg?param=140y140
1,酒铺门口的等猫人,当我全部听懂后，我就要放弃你了,1443,8,24,浪漫伤感华语,http://p1.music.126.net/6uv2LBFtoKKfvmGZ3wIyBQ==/18921495602983760.jpg?param=140y140
2,苏箫羽,风从袖中过的 是夏天啊,21925,2,141,流行摇滚民谣,http://p1.music.126.net/bcY9A_Uh5RxvBxVTM5BAhw==/19025949207628982.jpg?param=140y140
3,抑d患者,夜M天明,848,3,31,粤语夜晚孤独,http://p1.music.126.net/p474piKiiTjDprjp0jk5cQ==/109951163369863355.jpg?param=140y140
4,原创君,嘻哈制药丨以黑泡为底，用jazz做药引,20640,8,96,说唱地铁安静,http://p1.music.126.net/RHRWp8G6smLoIorh2O-hSA==/109951163268847789.jpg?param=140y140
5,麋鹿-音乐,民谣里的姑娘,1437,7,11,民谣夜晚怀旧,http://p1.music.126.net/AQT6O_fGqcMTuRH1oPkhWA==/18909400975108064.jpg?param=140y140
6,不安定的滑稽,「日系女声」 飘荡在灵魂深处的旋律,9558,2,74,日语放松,http://p1.music.126.net/gFh517WYeGnQBlwPpo5Hzg==/18955580463410338.jpg?param=140y140
7,子瞻大魔王,民谣里，也曾是少年,43767,1,399,华语民谣吉他,http://p1.music.126.net/5ueePa_hxlScV9Uy8cqiZQ==/109951163285603128.jpg?param=140y140
8,cmj草莓酱,古风 | 我愿陪你枯骨成双 作别这场曲散人凉,7761,7,33,华语古风旅行,http://p1.music.126.net/PmdulZPUT9tRbDwfy0v85Q==/109951163253462517.jpg?param=140y140
9,不知名的赖赖,「情歌说唱」用情话俘获你的心,159,8,1,说唱华语浪漫,http://p1.music.126.net/4RNbYkkqP8FwRz9Z44ZLpw==/19106213556532892.jpg?param=140y140
10,治愈酱-,纯音丨指尖黑白琴键 弹尽人间绚烂,16997,7,46,轻音乐放松钢琴,http://p1.music.126.net/mErHtqYXrY98eVCyc1Wumg==/109951163276987322.jpg?param=140y140
11,尤文杰BBLin,新泡沫之夏 电视剧原声全记录,12813,5,329,华语流行影视原声,http://p1.music.126.net/OSISKrdKgL7GYi85vPrYJQ==/18889609765788218.jpg?param=140y140
12,Fsaaaad,100首匪帮说唱,3001,7,16,欧美说唱经典,http://p1.music.126.net/evi9_-rVqsyNYrmzIViHWA==/18831335651123041.jpg?param=140y140
13,BeerBadBlood,Route66 | 逃离都市，沿着66号公路纵情西驰,53801,4,513,摇滚蓝调怀旧,http://p1.music.126.net/Aac-o9jWwSnwFK10gPt08g==/19060034068088252.jpg?param=140y140
14,会娇喘的皮皮皮皮皮皮猪,古风|请君忘相思，愿君长久安,3703,5,49,古风华语安静,http://p1.music.126.net/4njyxIQ2tV90DIE9DEhOqQ==/18743374720896760.jpg?param=140y140
15,雾与晨,如果我们能够久别重逢，我希望你别来无恙,30105,4,302,华语流行,http://p1.music.126.net/FjqreOoRBzuVQCVJcDDsGQ==/18948983393640763.jpg?param=140y140
16,橘子树风车,古L&国L / 意境如诗如画般深远而悠长,10148,0,46,古风思念影视原声,http://p1.music.126.net/NHjzldkxCV3QOLvg56vVwA==/19238154951787690.jpg?param=140y140
17,绀冬,日系 | 向孤独者献上深白色的花束,20776,3,205,日语孤独伤感,http://p1.music.126.net/qn92ymUkeV92A6zOGRzXbw==/109951163258280452.jpg?param=140y140
18,倪珂松,愿孤独的诗里都有旋律 民谣的梦里都有远方,24364,2,119,华语民谣治愈,http://p1.music.126.net/NzDh4kPGTFbytG4g5aAZLA==/109951163269022019.jpg?param=140y140
19,tram8,雨 声 采 样【深度睡眠】,248,4,5,轻音乐后摇爵士,http://p1.music.126.net/Vq3hJ5BgmWQBet8gv2YazQ==/18808245906939879.jpg?param=140y140
20,2ev2e,『Shiloh Dynasty』   集（精选版）,11760,9,81,欧美夜晚电子,http://p1.music.126.net/DWclaqJGILCR_1nqToMQxA==/109951163360942258.jpg?param=140y140
21,安Vivienne,陪你度过一个安静的时刻,39766,7,262,欧美流行安静,http://p1.music.126.net/4KjEmSL-mpGkWUfU4V1aeQ==/109951163269852647.jpg?param=140y140
22,阿良良木先生,纯净之音――澄澈透明的ACG钢琴曲,6435,6,27,轻音乐钢琴ACG,http://p1.music.126.net/hZ3jQMItTyq07WwOEQUCHg==/109951163303705135.jpg?param=140y140
23,大福的妈Yuki,【0-1岁】哄睡宝宝三分钟入睡，环境白噪音,527,7,1,轻音乐夜晚儿童,http://p1.music.126.net/1k1K_kfiwcrYqh0xPaHtwA==/109951163291593681.jpg?param=140y140
24,幻丶樱丨Sakura,【日系&ACG】圣者与精灵共咏的契绊诗,43642,2,183,日语治愈ACG,http://p1.music.126.net/6SWunaOm39ZeaTsyVytGeQ==/19104014533255548.jpg?param=140y140
25,大小姐不高兴,健身房高效燃脂音乐,29913,1,280,欧美运动性感,http://p1.music.126.net/ZqGhfzihEvE68t8zmbUw6A==/109951163274185162.jpg?param=140y140
26,草莓酱是草莓味的_,『我需要你，我只需要你』,9846,9,79,韩语流行影视原声,http://p1.music.126.net/y5_zoCmhK1XAFXn-XvKA7A==/18898405858796321.jpg?param=140y140
27,张思妄,「华语」喜欢你只是我一个人的彳亍,46668,2,444,华语流行思念,http://p1.music.126.net/QnEfpW9taEfWccVDg-MctA==/109951163267578612.jpg?param=140y140
28,狸奴__,欢快小调・来一场说走就走的夏日旅行vol.2,1917,0,14,欧美快乐流行,http://p1.music.126.net/yRljAG8V6-1s6wp11DVI4Q==/109951163400548754.jpg?param=140y140
29,海螺J,| 粤语 | 宇宙粒子与每个人的爱情,15399,6,69,粤语流行浪漫,http://p1.music.126.net/3ZDCz5oRqPngo5Jh6tYNlA==/109951163337945810.jpg?param=140y140
30,Spyromun_,Summer Time・一股清流 安抚夏日燥热,56745,0,290,欧美电子清新,http://p1.music.126.net/vKwNKVnRNPIqJXpm8bbmKQ==/109951163285951663.jpg?param=140y140
31,LavandulaVulpes,『Chillhop』雨 天 少 女 随 想 。,4510,9,47,电子爵士另类/独立,http://p1.music.126.net/zZOfGjll485dBrhkt8zkkQ==/18680702558116665.jpg?param=140y140
32,Carlos丶Lee,你并不孤单 这个世界总有人偷偷的爱你,2775,6,35,民谣夜晚安静,http://p1.music.126.net/ylUWGBeS0q5XFvie5q47gw==/19085322835545954.jpg?param=140y140
33,靳神经病,不好意思，我又想骗你们谈恋爱了,143687,2,2583,治愈流行散步,http://p1.music.126.net/KahwgGRyXghuC6i9RWGmqw==/18895107323933063.jpg?param=140y140
34,听歌要有调,『电音故事』 从华夏文明的起源说起,9309,,79,电子轻音乐学习,http://p1.music.126.net/PITTG7zD2BJ8NNgm5A2ThA==/109951163245620947.jpg?param=140y140
0,站在冰箱上蹦蹦迪丶,陈小姐的话,441,4,4,民谣,http://p1.music.126.net/6CeV6ZOKDbThfnLNzfPwUw==/18501482162791624.jpg?param=140y140
1,楠原由依,[ACG抒情]那些温柔 令人心碎,38031,5,263,日语ACG伤感,http://p1.music.126.net/f3kB3ygV16fCWhXnIiWe7w==/18980869230864144.jpg?param=140y140
2,@庭夜,「日系」故事是歌曲的底色,12350,3,96,日语ACG治愈,http://p1.music.126.net/Npj1J3hD2_sY0mqnEo3V0g==/18930291696024023.jpg?param=140y140
3,云音乐VIP,如孩儿能伏于爸爸的肩膀 谁要下车,571,0,21,感动思念经典,http://p1.music.126.net/tLRVo7UMVti4UJkE9CvTWA==/109951163351939341.jpg?param=140y140
4,井屿森,你离开以后，我将自己活成了你的样子,58322,2,342,华语流行怀旧,http://p1.music.126.net/VVErnFeJp2Wz7aI6E67Rhw==/19184278882036646.jpg?param=140y140
5,鹿白川,细数那些值得单曲循环的英文歌,114146,2,594,欧美流行经典,http://p1.music.126.net/8jFpVjFPbT6xUQhbkFNCRQ==/19007257509959282.jpg?param=140y140
6,--二白--,「纯音乐」你偶尔需要安静的发泄,15698,3,150,轻音乐学习治愈,http://p1.music.126.net/KfA50nsD2BVup_ACFRGPPA==/19017153114621423.jpg?param=140y140
7,苏箫羽,你就是你生来具有的光芒,80695,0,4681,流行放松校园,http://p1.music.126.net/GNtKte8lQoW9YphkBMuPWQ==/109951163271585143.jpg?param=140y140
8,丑萌的猫,避暑の歌，我走路带风,5332,0,62,日语散步放松,http://p1.music.126.net/FYKdgjX4tWT4g0WZZHemeg==/18957779486671473.jpg?param=140y140
9,璨梦星辰,『铃声贰』开口脆无前奏手机铃声英文歌,98,1,1,欧美流行经典,http://p1.music.126.net/cTnmaiMgrCX58gqUPNzxCQ==/109951163410273604.jpg?param=140y140
10,团战专用小火把,"不如""乐""读――适合读书时听的古典音乐",99514,0,505,古典学习安静,http://p1.music.126.net/5N79L-ACfz5qPv2efEASyA==/18955580463404295.jpg?param=140y140
11,mayuko然,生命来来往往，来日并不方长,111861,5,598,华语治愈民谣,http://p1.music.126.net/_mBTCvjKkfKSJV0KIr1egg==/109951163320819247.jpg?param=140y140
12,没入深海的天空城,[纯音乐]错落一身宁静，深海浮沉摘星,8242,6,37,轻音乐夜晚,http://p1.music.126.net/Fg_8XLbz9uwJvHVLXhz5Cg==/109951163349262839.jpg?param=140y140
13,蝶影丛虫,倾听100部电影，爱情的美丽与哀愁,61995,4,171,影视原声华语经典,http://p1.music.126.net/38v27r8EljeET-tFanmdlw==/109951163274818322.jpg?param=140y140
14,桔橘不甜,【女声控】天籁之音，声线美到窒息「终」,16806,0,110,日语ACG学习,http://p1.music.126.net/7GUQTjkQUefpkYJDwBpaiA==/109951163294767899.jpg?param=140y140
15,妈妈帮mulu,给宝宝磨耳朵的英语启蒙儿歌,9555,5,35,民谣学习儿童,http://p1.music.126.net/Ou3NMWrOSmyLDHfCIFojbQ==/109951163302649572.jpg?param=140y140
16,Spyromun_,「节奏女嗓」像樱桃入酒 融于耳・醉于心,19592,2,51,欧美流行性感,http://p1.music.126.net/5bENU2Fmhg6r4vMHFRLdhw==/109951163338470865.jpg?param=140y140
17,丶BeAMan,愿你走出半生， 归来仍是少年！,5488,4,104,华语流行民谣,http://p1.music.126.net/h4e1sukNYCBEoHSSIPYDog==/18682901581372310.jpg?param=140y140
18,迩ran,古意民谣｜浮生有梦三千场??穷尽千里诗酒荒,52941,5,177,华语古风民谣,http://p1.music.126.net/3r2bGiF85_DT_CCukewL1Q==/109951163371800944.jpg?param=140y140
19,爵士鸡,South：精选30首南部G-Funk,1841,7,26,说唱欧美,http://p1.music.126.net/JufWI8bgY3tZf8l4JMyeXg==/109951163322367516.jpg?param=140y140
20,冷酷大王,『偶像练习生』各家自制应援曲个人曲ost,27726,7,651,华语流行,http://p1.music.126.net/7g0BXwnQaUtyCyrbx-hIQw==/109951163253102219.jpg?param=140y140
21,WW青尘,100个悲伤的瞬间，有没有你的心酸？,169246,5,734,华语流行伤感,http://p1.music.126.net/4gZNU13YQeFvYQfxmgSeyg==/109951163249663052.jpg?param=140y140
22,xept,突然兴奋！唱见的电波时刻,22173,2,216,日语兴奋ACG,http://p1.music.126.net/lp_rQss2sDmqKqp3BQL-uQ==/109951163270130912.jpg?param=140y140
23,下一颗巧克力,听罢这些电影旋律｜好似领略百感人生,71906,7,275,影视原声经典感动,http://p1.music.126.net/8b-xuHT1ZjUpyPRoC8769Q==/18609234302252451.jpg?param=140y140
24,谷歌之露,夏天快要过去，牵你手买冰淇淋,61208,2,672,华语流行清新,http://p1.music.126.net/Hw8AyPHTzWd5qLSCxTppIA==/18681802069742775.jpg?param=140y140
25,大小姐不高兴,????18年4月新热电音推送,36802,1,235,欧美流行电子,http://p1.music.126.net/Mp1FZzyWOpKmNL5Mmq-gFw==/18630125023235471.jpg?param=140y140
26,友Xyi,进击的次元！百首超燃动漫背景音乐,89085,2,404,兴奋ACG,http://p1.music.126.net/UDztE2FqlnMBWNp3B63bVA==/109951163251314257.jpg?param=140y140
27,暗恋没着落,陈鸿宇/焦迈奇/刘昊霖/沈以诚/徐秉龙,2660,4,21,安静治愈夜晚,http://p1.music.126.net/2SRgopOGay9ZQ-5YcMHjrg==/18906102440047100.jpg?param=140y140
28,Jack_Wild,第五人格原声带x适合剪辑D5视频的bgm,12294,8,452,游戏网络歌曲电子,http://p1.music.126.net/_lHL1-Hh1Bxgr_BY8UngjA==/109951163408336181.jpg?param=140y140
29,初音_Miku酱,心灵之音，拯救迷失的你,6434,6,42,日语电子ACG,http://p1.music.126.net/Lhh7WZFDFGLsh4tNBf1ppQ==/19172184254121429.jpg?param=140y140
30,设计院OG,★中国新说唱★合集,9391,2,348,华语说唱榜单,http://p1.music.126.net/GVm_QF4PvsLcySvRTQRKBg==/109951163278908172.jpg?param=140y140
31,xept,倾听自然 ・ 林涧细语,74875,9,247,轻音乐散步放松,http://p1.music.126.net/eOIwjzFPGmmbQFsdyJXhZA==/109951163240766435.jpg?param=140y140
32,会娇喘的皮皮皮皮皮皮猪,令人肾上腺素飙升的燃向BGM,5549,2,45,世界音乐游戏,http://p1.music.126.net/3Z38i4b-Vv6D1t6-T4mUeA==/18766464464914195.jpg?param=140y140
33,上OD,等一下就是等一下午 你炸不炸,752,3,评论,说唱R&amp;B/Soul另类/独立,http://p1.music.126.net/8i72juwTHuihuhpQDie86g==/109951163390799078.jpg?param=140y140
34,井屿森,我不想撞南墙了，只想撞你的胸膛,2778,,54,华语清新快乐,http://p1.music.126.net/Xzxl2KUGdiHtIb4x0AtM0w==/19079825277399720.jpg?param=140y140
0,BeerBadBlood,“愿我们走进静谧的长夜”,14586,9,73,欧美治愈夜晚,http://p1.music.126.net/DPRIV73RNlxXCT_WU-3t_w==/18585045046513052.jpg?param=140y140
1,网易云音乐,花样年华：防弹少年团歌曲精选,25194,1,571,韩语流行,http://p1.music.126.net/6SLpa3bpkZFGVUFFXr0Lgg==/109951163276880117.jpg?param=140y140
2,未完成的渥修斯基,CityPop.泡沫都市,8850,6,186,日语舞曲爵士,http://p1.music.126.net/k5Saeb5lKVuudg54M8clLA==/109951163271885953.jpg?param=140y140
3,天赋异禀美少女,「清新歌谣」一场欢快的旅行,54774,5,506,欧美清新流行,http://p1.music.126.net/iLZqf2135Mt141YYneISOA==/19184278882032180.jpg?param=140y140
4,米契比,[古典] 要么庸俗，要么孤独,7247,1,90,古典孤独,http://p1.music.126.net/M_ShlrI5Lf69kgQ_prJjtw==/109951163404848188.jpg?param=140y140
5,凉L优d,电影丨《后来的我们》OST合集,4028,6,53,华语影视原声经典,http://p1.music.126.net/0G4sU9NDzqnHENrEUrhgkg==/18877515137876281.jpg?param=140y140
6,安Vivienne,“爱你就像藏头诗”,1566,5,29,欧美流行治愈,http://p1.music.126.net/PcZKlY3YQQzN9j9_IlHXyw==/109951163303122028.jpg?param=140y140
7,曼彻斯特流氓11,「断奏式浪漫」能跳舞的探戈,1774,0,8,舞曲浪漫放松,http://p1.music.126.net/zYAUUmb52wb8NvMcHUUcGA==/109951163303796253.jpg?param=140y140
8,鹿北浠,「可爱培育室」boom~你的可爱正在迅速膨胀,30521,6,499,欧美快乐散步,http://p1.music.126.net/cwcK6ovnzfUSdBu6ayBRUg==/19008357021590618.jpg?param=140y140
9,Laojufaker,中国新说唱冠军giao哥成名曲,1722,3,76,华语说唱另类/独立,http://p1.music.126.net/4TvfMVdmDnkfElkGsl4HSQ==/19135900370432333.jpg?param=140y140
10,薄荷音乐台,“我想你一定很忙 所以你看前三个字就好”,45921,9,683,流行民谣另类/独立,http://p1.music.126.net/Qzq6Gu1qagnZ_YKmdOg2eQ==/109951163265825501.jpg?param=140y140
11,konous,沉迷你于星空下独独对我释放的温柔,5946,6,85,欧美电子感动,http://p1.music.126.net/fCDxYZJZuPM0YII-3d3I9Q==/18688399139512561.jpg?param=140y140
12,该睡觉了sys,新泡沫之夏 影视原声,3004,7,61,影视原声,http://p1.music.126.net/tnLev1EiUZrxGWYLOjl6rQ==/19022650672745871.jpg?param=140y140
13,Sk1un,尤克里里|听见便是夏天的味道,9453,5,34,欧美流行清新,http://p1.music.126.net/6rhPSx7iyY3ilO2G0PZSzQ==/19019352137865075.jpg?param=140y140
14,SaintPocari,复古流行 | Dance Back To The 80s,5861,0,57,欧美电子快乐,http://p1.music.126.net/yoiF7WyNnA1TatQlekG_vw==/18879714161134020.jpg?param=140y140
15,桔橘不甜,【女声控】天籁之音，声线美到窒息「七」,25164,2,196,日语学习ACG,http://p1.music.126.net/KFRfhKMZKBU4oSlewSPxrQ==/109951163292731900.jpg?param=140y140
16,叫我王圆-,迷失航行 | 孤独星系间的幻象宇宙,1453,8,56,华语后摇电子,http://p1.music.126.net/d5NA5AZv5PM7fOf6Bt_WXg==/19024849696005478.jpg?param=140y140
17,不会留阿,『薄荷冰饮』来杯夏日消暑必备果汁~,4427,5,62,欧美电子清新,http://p1.music.126.net/g34T6z85ahhXv2tsZf7Ngg==/18980869230879172.jpg?param=140y140
18,Ian_Icebear,不怕汉子有文化，只怕他们有吉他,76122,0,445,华语民谣吉他,http://p1.music.126.net/zLGAFoywT_Hwon4KxR11yQ==/109951163279541917.jpg?param=140y140
19,薄荷猫晒太阳,我将深陷于单曲循环的魔咒 无法逃脱,81617,0,363,欧美电子流行,http://p1.music.126.net/c17tXYeAdp5bvf4QvQetcg==/109951163244258642.jpg?param=140y140
20,DJ顾念晨,后来，我们什么都有了，却没有了我们,70918,3,519,华语流行伤感,http://p1.music.126.net/IdSPSrD9k_Y86N_qFFwiSw==/109951163252847589.jpg?param=140y140
21,热爱电音的小猫咪,吃鸡必备BGM,800,3,9,游戏,http://p1.music.126.net/iFnOa-3mbb0SqmmwtquPmQ==/18924794137867349.jpg?param=140y140
22,carloooooooooos,【MEGALO??BOX】ED完整版专辑,6099,1,113,,http://p1.music.126.net/7SzUdNlWh3KCkeIMfcYQug==/109951163378644438.jpg?param=140y140
23,海螺J,Swing Jazz | 复古摇摆,6389,8,41,欧美爵士怀旧,http://p1.music.126.net/bOfdeQOAE-gesSGQrEnJGw==/109951163251767755.jpg?param=140y140
24,Euphoria_0613,『韩语』对不起，这些全都只是虚伪的爱情,2464,2,270,韩语流行00后,http://p1.music.126.net/aWvyh-sKAeufHbmu4QnkMA==/19111711114662134.jpg?param=140y140
25,犀泽酱,Florence,484,1,23,轻音乐学习清新,http://p1.music.126.net/jE6fxktRLPcYZui8gb7Krg==/19220562765755321.jpg?param=140y140
26,#NAME?,韵律中邂逅惊艳女嗓，美到心醉,6576,3,50,欧美流行电子,http://p1.music.126.net/2-04ThxCahYBMbkXzFHwfw==/19161189137853511.jpg?param=140y140
27,治愈酱-,纯音丨雨是悲欢离合 雨是一生错过,20631,2,145,轻音乐流行安静,http://p1.music.126.net/ZYrAOQcsc7qMEECKRyF2pw==/109951163246590689.jpg?param=140y140
28,welphenEDM,瑞典音乐人Avicii离世，年仅28岁。,23140,2,672,流行电子,http://p1.music.126.net/6aSKIKcjYuVj0CtPKcNQCQ==/109951163257263705.jpg?param=140y140
29,洛水遥遥,第五人格游戏原声音乐,18549,6,411,游戏,http://p1.music.126.net/Ov2n6ol_Kr1m7mt6v-p1aA==/18643319162822655.jpg?param=140y140
30,2次元菌,「古风」千金纵买相如赋，脉脉此情谁诉,14047,1,116,华语古风,http://p1.music.126.net/IoetFDZ3cp6fPGv_DNZkRg==/109951163270246159.jpg?param=140y140
31,宁遇夏,欧美治愈|决定转身的时候就不要频频回头,3448,3,42,欧美夜晚治愈,http://p1.music.126.net/Kav1gMEbl7pOqlCJqgkzZQ==/19123805742515320.jpg?param=140y140
32,m青草与樱桃m,「日系」我喜欢人们坚贞不渝地相爱,10968,8,146,日语浪漫治愈,http://p1.music.126.net/9iT3LeRcBzeWOPVvHyL7TQ==/109951163304501702.jpg?param=140y140
33,狸奴__,“长大应该是变得温柔，对全世界都温柔”,38787,0,585,欧美安静流行,http://p1.music.126.net/lMoG8VqQPie_XohLM9hsKw==/109951163259633045.jpg?param=140y140
34,柳佩之,『古风』烟白酒旗青，水村鱼市晴,16874,0,70,古风华语清晨,http://p1.music.126.net/xeHrBO0KIDEqzKrmDMoK3w==/19100715998382779.jpg?param=140y140
0,莉犬,元气少女音| 沉溺于这场甜美梦境,80507,1,749,日语清新ACG,http://p1.music.126.net/bNgntHSwc9wxCVd7MgAtBA==/18716986441843676.jpg?param=140y140
1,浮梦沉生,『国摇』一百支乐队一百种精神信仰,85891,5,776,华语摇滚,http://p1.music.126.net/lhdp6FTOqNb07O7iJhjIFw==/19118308184364461.jpg?param=140y140
2,AirRadio空气赫兹,【孤星俱乐部】丧气满满还要用力去爱,1896,4,38,另类/独立孤独伤感,http://p1.music.126.net/-XA9a4NMoy5U2m8ReoAWhA==/109951163322613379.jpg?param=140y140
3,大小姐不高兴,EDC??China??音乐节现场歌单,14680,4,87,电子舞曲流行,http://p1.music.126.net/9F3ADDfaxHNa9m_IvWKsBQ==/109951163288403541.jpg?param=140y140
4,久石让乐迷网,2018久石让深圳音乐会,344,4,16,影视原声钢琴器乐,http://p1.music.126.net/XLIktXM1vP5A9MzckNdgKg==/18763165930211603.jpg?param=140y140
5,-KooTo-,霓虹焰火 | 香槟滑过嘴边的微甜,3739,2,39,欧美电子放松,http://p1.music.126.net/WMTRzXQcISafmbqVQYdw4w==/109951163315368856.jpg?param=140y140
6,芭比啵bi--,天空之上三公尺 原声带????,386,8,13,夜晚思念浪漫,http://p1.music.126.net/AQAgPLGQJDHs1tRM-KqQpA==/19100715998005237.jpg?param=140y140
7,可尼晏,致回不去的校园，致那美好的曾经,124668,1,1011,华语流行影视原声,http://p1.music.126.net/WjDAZ9C8whAB6yfE_sfIFw==/109951163244980773.jpg?param=140y140
8,就是柴4910,『民谣』情绪共谋者,1443,6,7,民谣华语,http://p1.music.126.net/xrbJ0FAq1vAbLMEk2Jb96g==/109951163351511713.jpg?param=140y140
9,礁池,闽南语丨原来也可以如此清新与情深,14156,1,248,华语清新小语种,http://p1.music.126.net/TL139JzpNqm3SxC7ig6Meg==/109951163305967285.jpg?param=140y140
10,花色游戏,『四大名著』中国古典文学的精品,38950,0,217,华语古风影视原声,http://p1.music.126.net/oX_I3L4zC_dB-lWLFShj0w==/109951163257345812.jpg?param=140y140
11,konous,人从未完整过 只是碎片的拼合,4102,3,68,夜晚浪漫欧美,http://p1.music.126.net/O7ooEj8pH9-7f6pJXks60A==/18774161046484366.jpg?param=140y140
12,清UL歌,辗转难眠 总有一天会有人心疼你的,5339,4,75,欧美民谣夜晚,http://p1.music.126.net/dPn_6T9d5VUuCDvhJdZ_8A==/109951163399691488.jpg?param=140y140
13,Spyromun_,Sweet Time・在耳朵里融化的电音糖,15193,0,81,欧美电子清新,http://p1.music.126.net/YG_zYpk7bbV-UCfP8zx-9g==/109951163406541276.jpg?param=140y140
14,SuperMan-LEE,安静细腻的欧美小调，献给失眠的你,43464,5,139,欧美治愈安静,http://p1.music.126.net/4vIlysdvpQLy-CiTCKycGQ==/18872017579742524.jpg?param=140y140
15,q~先森,岛・台湾乐队集°台北夜空下的氤氲青年,19557,0,308,华语另类/独立流行,http://p1.music.126.net/9Nnst9tlJZ1NdZEN8eb0Mw==/109951163261938931.jpg?param=140y140
16,KillBunny,华语精选・怎样惊艳一首歌 才够资格10w＋,8601,8,97,华语流行经典,http://p1.music.126.net/cfK9ix11hwjG_p6rwI6xew==/109951163284029285.jpg?param=140y140
17,大意黄多多,【Hip-Hop】西海岸精选,19793,5,152,欧美说唱90后,http://p1.music.126.net/zXn5bXb2I6RPtvYaX7yV4Q==/109951163260447693.jpg?param=140y140
18,原创君,魔性Hook丨突然被这些女声洗了脑,38733,2,128,华语说唱清新,http://p1.music.126.net/8o-XiFF_8FoITCPmyDJQVw==/109951163293630400.jpg?param=140y140
19,派大星和摄魂怪,Marvel's Cloak and Dagger 斗篷与匕首S1,214,4,15,欧美影视原声,http://p1.music.126.net/SJVkeFI3SCIXrGi0QF6i1w==/18631224534871402.jpg?param=140y140
20,普朗克的小猫,〖羽管键琴〗触碰羽毛管的声音……,1054,0,14,古典清新,http://p1.music.126.net/J_41u70bI2bg3upsmEBD8A==/19195273998320920.jpg?param=140y140
21,金暗洙,后来的我们 唱着《后来》消失在人海,56587,5,417,华语流行伤感,http://p1.music.126.net/nA_0ekpi85zuqj39VJSH6A==/109951163272618425.jpg?param=140y140
22,丁香妈妈DingXiangMama,「让宝宝一秒入睡的哄睡神曲」,22837,1,133,夜晚安静儿童,http://p1.music.126.net/tjLU3JPhwgnqg8kCVe9fZw==/109951163293079819.jpg?param=140y140
23,NeilShine_,「甜嗓控」当糖果女声邂逅清新电音,28370,8,128,欧美电子清新,http://p1.music.126.net/TgllwFkOFiMsOWRkf6VC2A==/18733479116258401.jpg?param=140y140
24,凉生归暮,关山月|| 海底月是天上月 眼前人是心上人,553,0,14,轻音乐散步放松,http://p1.music.126.net/TbxOL51Ih9Ecdc1tBP3pow==/18966575579739799.jpg?param=140y140
25,2次元菌,「古风」霎是杏花雨又见千山雪,23278,1,73,华语古风,http://p1.music.126.net/KtB_3lU8HygvgDjxfkZ4tw==/109951163292025139.jpg?param=140y140
26,友Xyi,无限循环！40首日系温柔男声,29916,8,107,日语流行治愈,http://p1.music.126.net/4bl9k2MeibcSIvFmD9DyUg==/109951163298701929.jpg?param=140y140
27,麋鹿-音乐,「民谣」你的孤独 虽败犹荣,2654,6,35,民谣孤独夜晚,http://p1.music.126.net/IzGYyZkuqmDRWoPGjZ_6uw==/18500382651165664.jpg?param=140y140
28,鹿白川,愿你身边有个永远偏袒你的人,23312,1,237,华语粤语伤感,http://p1.music.126.net/qDut4FSoDvQ9GthpZfJW1A==/18943485835576854.jpg?param=140y140
29,自卑小毅,【伤感情歌说唱】世人千千f 你再y遇我,1258,0,29,华语说唱伤感,http://p1.music.126.net/sf0OhblNxFKfIjXhT606Vw==/19057835044863147.jpg?param=140y140
30,饭碗的彼岸,饭碗的抒情小调――心情记事簿,1505,5,39,学习工作午休,http://p1.music.126.net/nw_TH2XUhP2L2mb7oJtkcw==/18721384488360887.jpg?param=140y140
31,O你,希望你过得好，但不要让我知道,33806,7,405,华语治愈孤独,http://p1.music.126.net/Sr1-2NrMCJyWMsSpPKLWzQ==/19065531626229339.jpg?param=140y140
32,R3HAB,R3HAB??Summer??2018??Playlist,35749,7,243,欧美电子舞曲,http://p1.music.126.net/iGkccsTmrXB2sStE9NfC-A==/109951163286464456.jpg?param=140y140
33,会娇喘的皮皮皮皮皮皮猪,写在民谣中的岁月缓缓流淌,4568,1,23,民谣怀旧旅行,http://p1.music.126.net/VuMJHSMeAeI2SSjnoB5oDg==/18693896697384099.jpg?param=140y140
34,ANAR-MUSIC,《石榴熟了》第五季 BGM,348,7,14,流行工作快乐,http://p1.music.126.net/dzhsPxm7ve_UB_HzA9cUhw==/109951163313843368.jpg?param=140y140
0,-佛系player-,1986-2018历届世界杯主题曲,1120,7,14,运动,http://p1.music.126.net/lQ8x1SN1y9aIfWZbF6InrQ==/19047939440196047.jpg?param=140y140
1,玫瑰王Cold,甜了个蜜：用一个歌单表达你的爱意,3543,2,32,华语浪漫,http://p1.music.126.net/5NyyCPiHfWqLLmcFDvR5IQ==/109951163314096787.jpg?param=140y140
2,q~先森,江湖儿女° 黑白相间的地下英雄主义,7586,1,98,华语流行影视原声,http://p1.music.126.net/E7cQlKwdatLqp2vG74UYiQ==/109951163314352478.jpg?param=140y140
3,音乐新征程,2018年公告牌音乐奖获奖名单,21666,8,579,欧美榜单,http://p1.music.126.net/Ff1tnQV-o7WEaRB5BpKhXg==/109951163309502225.jpg?param=140y140
4,林林很666,全球最【炸】rave蹦迪迷幻歌单,6111,4,17,电子说唱驾车,http://p1.music.126.net/07cuoZlAPtDdxG-4VqnkSw==/109951163385232504.jpg?param=140y140
5,野鬼不谈爱,【创造101】最全参赛曲目,822,1,10,华语流行说唱,http://p1.music.126.net/zIganyQ0pVFDIkKqQzY2ng==/19227159835515113.jpg?param=140y140
6,provisionality,『2018』奔跑吧 第二季 BGM【全】,12374,6,307,华语欧美影视原声,http://p1.music.126.net/YWLGsjO2yNKZfaHewCdYSA==/109951163279773237.jpg?param=140y140
7,MamatjanAbdukadir,Miradiljanbawudun,521,6,7,流行金属世界音乐,http://p1.music.126.net/KxY0KRLe0DK-xsZQfFfaXw==/19142497440184730.jpg?param=140y140
8,Dong西,英伦｜那不是忧郁，是你孤独的灵魂,792,7,8,英伦孤独安静,http://p1.music.126.net/N1lbE3acwZgsuDAMuwjQfw==/109951163303444957.jpg?param=140y140
9,残羽的音乐之路,睡眠与写作业双重曲轻音乐，本人一直用的。,20893,2,225,轻音乐夜晚钢琴,http://p1.music.126.net/LdNT7QjsFLTnURmbhCO5EQ==/19213965695784982.jpg?param=140y140
10,Johmmi,megalo box原声+拳击电影，顺序调到最舒服,16572,5,320,,http://p1.music.126.net/H2GOZ50Hbo6MCKGOdWPp3A==/109951163275495511.jpg?param=140y140
11,鹿白川,欢快小调 给百无聊赖的生活来支兴奋剂,43813,6,359,华语怀旧快乐,http://p1.music.126.net/ggshqZeKjWpdlD4dZRNJEQ==/18897306347170557.jpg?param=140y140
12,Leon不太冷_邓壬鑫,夜的钢琴曲合集,3704,7,55,轻音乐治愈夜晚,http://p1.music.126.net/s_nBZ79pbg516rvzLqZ39g==/19049038951826779.jpg?param=140y140
13,硬曲大法好,听硬货吗？品质车载BO$$ 【精】,1516,5,9,电子驾车运动,http://p1.music.126.net/6gl1FPfUV8QtTa7MMfO3Uw==/109951163369567353.jpg?param=140y140
14,杰尼大叔,『节奏控』与『封面控』的完美结合,11778,1,54,欧美流行电子,http://p1.music.126.net/Gu-tNphIPMcZCFZ2HrZU2Q==/18576248953486231.jpg?param=140y140
15,黄鲲_,轻电音集 | 星辰大海里的深夜伴侣,29636,9,113,电子夜晚安静,http://p1.music.126.net/5YW4fjE3T-hd8Gcp_HsH6Q==/109951163253519009.jpg?param=140y140
16,世间一书生,向往的生活2第二季,11468,9,637,旅行放松快乐,http://p1.music.126.net/vowY3X2wi4-Z2O1nHmyGTw==/18676304512157840.jpg?param=140y140
17,space-down,海岸森系唤醒 ・「future bass」,38000,6,214,欧美电子清新,http://p1.music.126.net/mrUUEu2zFC6gAbwwZvY01Q==/18654314279057795.jpg?param=140y140
18,可尼晏,致时光里的相遇°爱情电影记事本,39544,3,357,华语流行影视原声,http://p1.music.126.net/4J-1uS0bgqWB8L3ex8rTHA==/109951163339425300.jpg?param=140y140
19,蝶影丛虫,『电影配乐』当优雅华尔兹遇上激情探戈,10379,0,56,欧美经典影视原声,http://p1.music.126.net/OZo9c8TPToXQWRAKZfvaIw==/109951163307477031.jpg?param=140y140
20,_-Supreme_-,GUCCI??GUCCI PRADA PRADA,672,7,4,流行欧美电子,http://p1.music.126.net/9sfOyA0YWlrG0QfV4C7sqg==/109951163358125531.jpg?param=140y140
21,鹿北浠,线上空调 | 如何用一把吉他冰镇夏天,34114,7,317,欧美放松,http://p1.music.126.net/yuzdEF9GBxJi9uOpVnXzkQ==/19011655556482487.jpg?param=140y140
22,安Vivienne,给文艺的你一次悦耳的旅行,83518,2,394,华语流行民谣,http://p1.music.126.net/Q4khbT7qVX1SpxgJm3PSIg==/109951163279802363.jpg?param=140y140
23,阿卡琳,柠檬薄荷｜雨天的猫与少女,19384,2,100,日语安静ACG,http://p1.music.126.net/YK3EIBdF-tO0dv6hS68TLQ==/109951163256357947.jpg?param=140y140
24,q~先森,日系°初夏 | 夏日の风 吹拂着你在我怀中,7860,5,36,日语流行民谣,http://p1.music.126.net/YK-nQnbYxpT_YBfnOvBjOQ==/109951163300020619.jpg?param=140y140
25,养只喵取名为猫,『轻音 | 吉他』流淌在指尖的慵懒音符,4111,3,21,放松吉他轻音乐,http://p1.music.126.net/6k-g60qmrWUExTzKtNnJ5Q==/18957779486681766.jpg?param=140y140
26,雾与晨,我最大的遗憾，是你的遗憾与我有关,141167,4,2060,华语流行怀旧,http://p1.music.126.net/OH0Eq7og-GidP_870pjq9g==/19136999882038605.jpg?param=140y140
27,下一颗巧克力,夜深了｜听电影讲枕边故事,50147,4,308,影视原声欧美钢琴,http://p1.music.126.net/qUFF09Y9L5OYOWeYukV0cw==/109951163271979592.jpg?param=140y140
28,太滚妮呀,『百首韩语女声』也曾晴朗 落一身浅浅的伤,8759,3,22,韩语思念伤感,http://p1.music.126.net/FAhYgQCgeyYbu0RUxyDZtg==/18740076186042625.jpg?param=140y140
29,Mart1nGarrix,「那些创作鬼才的一首优质作品」,2295,8,6,欧美流行电子,http://p1.music.126.net/rsSVM2ywmVt9m-bfj2RetQ==/109951163388153347.jpg?param=140y140
30,AirRadio空气赫兹,混迹于霓虹国40年的复古节奏,11970,5,69,日语舞曲爵士,http://p1.music.126.net/wkon8FidWZUeUtBgXi-wOQ==/109951163288308673.jpg?param=140y140
31,淋雨丶伞,『旋律 电音 轻音乐』国产纯音巅峰系列,285,4,4,轻音乐电子放松,http://p1.music.126.net/lCGcMN5KwWePSblhK3q8wQ==/18495984604655031.jpg?param=140y140
32,Da-rainy,『Detroit:Become Human 底特律:变人』,225,3,7,欧美影视原声游戏,http://p1.music.126.net/KF8AQUXYEm5YHIGAApteRQ==/18658712325486204.jpg?param=140y140
33,想抱海豚的,『韩语』补充点恋爱糖分喵～,18012,1,200,快乐清新韩语,http://p1.music.126.net/Zfpdsy12Zf25g4cHqlo_2Q==/109951163287848752.jpg?param=140y140
34,lucucuas,Begin Again2 JTBC韩综,4430,2,95,流行治愈,http://p1.music.126.net/dgNeWXJYR9vGSXyYgjkcdg==/109951163296892551.jpg?param=140y140
0,鹿九月,『韩语』少女心满满の粉红电子,2616,9,42,韩语流行电子,http://p1.music.126.net/4DiO4uNKTNnr8zkmjSCSDQ==/18903903416962945.jpg?param=140y140
1,olly的牙缝,三行情诗，目光所及处，余生全是你,2664,2,36,欧美清新驾车,http://p1.music.126.net/Yt-kigpvcK6Uwe6x1tsG7Q==/18950082905279208.jpg?param=140y140
2,LalisaManoban,韩国Moombahton 异域风情的魔性律动,8260,5,120,韩语电子舞曲,http://p1.music.126.net/VNBLRF0rdbyaocShB2pYsA==/109951163286697348.jpg?param=140y140
3,LinkAb1,「独自一人时」Lonely as I am.,2581,2,32,孤独伤感安静,http://p1.music.126.net/h19JpKuVJ6HLJbxNeP-KoA==/18569651883710554.jpg?param=140y140
4,我想做一个无趣的人,“我不是丧，我只是不知道要干嘛”,4968,9,104,欧美流行散步,http://p1.music.126.net/LZgjdUhFCqZ5wfmB5cMYMw==/19096317951893876.jpg?param=140y140
5,DAIAIAD,爱他就给他唱土味情歌,1814,0,60,驾车治愈性感,http://p1.music.126.net/M0Np5R1SbN9nUCRw0V67lQ==/109951163271203816.jpg?param=140y140
6,箐谷,『衣冠上国??礼义之邦』,14328,3,160,华语古风,http://p1.music.126.net/y1HN0mSExUaSV54daY5aYg==/109951163249488808.jpg?param=140y140
7,九月橙,浪漫主义｜穿透灵魂的钢琴抒情曲,7637,3,38,轻音乐浪漫钢琴,http://p1.music.126.net/ryfmKee7RaQSq2aDKhmxyg==/18879714160777265.jpg?param=140y140
8,摇智,City??pop??|??脱丧俱乐部里的复古蜜色,5606,8,67,日语怀旧浪漫,http://p1.music.126.net/zd0h3wxLiOzYKI05Z-Lw4Q==/109951163281860397.jpg?param=140y140
9,逃学威龙之周星星一本漫画闯天涯,纯音~唯美意境，听见好时光??,2649,1,25,治愈感动轻音乐,http://p1.music.126.net/Tcg2lRFClmUfWIxIyRcEIg==/19115009649196642.jpg?param=140y140
10,欢欢酱-,那些好听又搜不到的歌,1599,2,14,清新浪漫治愈,http://p1.music.126.net/UOnwMZG3OPXJVQIyigPCmA==/109951163249961021.jpg?param=140y140
11,潇湘故里,午夜的情欲似水，流过身体【私藏】,1131,2,17,夜晚放松快乐,http://p1.music.126.net/D-pzLGbeXy7cDTKwkQzD4g==/18975371672725964.jpg?param=140y140
12,喵吖的铅笔,韩‖治愈系女声，别让我的温柔无处安放,4121,0,52,韩语治愈放松,http://p1.music.126.net/yrLeOKclG4Tmri4FBZrerA==/19060034068084606.jpg?param=140y140
13,民谣联盟会长,那些不为人知的好民谣,2861,3,159,民谣另类/独立安静,http://p1.music.126.net/k8jZi8ss52px-jr4PMldvQ==/18713687906954320.jpg?param=140y140
14,米契比,[古典]夏日清新小调,1612,0,23,古典清新,http://p1.music.126.net/V537IVW53XRUPK9SiDE94Q==/109951163375636732.jpg?param=140y140
15,静月丶,纯音丨相聚别离，都是刚刚好,11427,6,63,轻音乐安静,http://p1.music.126.net/710R2whxCc6g6WKsGq-vyg==/18952281928521144.jpg?param=140y140
16,MAX仙木,bilbil-鬼畜-神♂曲??‖持续更新,497,3,12,华语雷鬼,http://p1.music.126.net/6vQ2ejmOZdaBURrHAr6VBA==/18811544441689473.jpg?param=140y140
17,蝶影丛虫,『港片经典』江湖枪火，当年情风继续吹,12416,3,84,影视原声粤语经典,http://p1.music.126.net/76uFKqwCUvFGn5ppUKKnyg==/109951163270283824.jpg?param=140y140
18,天川穗梨,【日语】以歌驱霾??笑迎明天,6667,2,173,日语放松快乐,http://p1.music.126.net/xdggI2qHlxDFfcEmNDa0Sg==/19132601835507663.jpg?param=140y140
19,飞舞的青春花瓣,「高甜」忽而今夏 OST,2303,3,45,华语影视原声,http://p1.music.126.net/w2CLPzt2eChGie37g9ymBQ==/18601537720898033.jpg?param=140y140
20,花嫁赫萝,博多酒屋｜爵士与都市传说的异闻录,7658,1,122,轻音乐爵士ACG,http://p1.music.126.net/ARELGXYKyNLFjcVpHLvwwQ==/109951163259022986.jpg?param=140y140
21,礁池,事后烟 & The Czars & Slowdive,4964,2,7,摇滚另类/独立,http://p1.music.126.net/TvBL_5-45Wa7Vf0IXkaMzw==/109951163399485769.jpg?param=140y140
22,孤独守望者0_o,起风了，爱的魔法说散就散。,19950,3,76,华语流行网络歌曲,http://p1.music.126.net/NALMHn3FqFP6R6WnrZjq6w==/18634523069749967.jpg?param=140y140
23,如花一般绽放丶,男声辑 | 我有一首歌，可以慰风尘,5145,0,35,欧美另类/独立流行,http://p1.music.126.net/uXx9JSgJfbs9jDOGlHvb-w==/109951163304455689.jpg?param=140y140
24,TEL金木研,东京吃货&原声版本&多翻唱版本,461,5,21,日语翻唱ACG,http://p1.music.126.net/Hqpwxd09c5M5iSz2L_GfRg==/18501482162777202.jpg?param=140y140
25,张思妄,民谣情话‖多谢你做我平淡岁月里星辰,10829,5,48,华语流行民谣,http://p1.music.126.net/uSDN7Q2obcbm9KQBQKkzoQ==/109951163242127098.jpg?param=140y140
26,云音乐曲库,聆听天使的歌唱┊独立精选集┊,11102,4,52,欧美旅行散步,http://p1.music.126.net/WexoSmqFqR-IN_jQnp93HQ==/109951163281844122.jpg?param=140y140
27,V字两c有一叟,梁文道「一千零一夜」 bgm (更新中),1957,4,38,夜晚影视原声放松,http://p1.music.126.net/02fXZumEDdsH5Z1p0GdFeQ==/3299634402540711.jpg?param=140y140
28,tsmki,日系 丨 一调祥谧的温暖，一曲细腻的厚重,14936,3,107,安静日语,http://p1.music.126.net/iUA_vzDyGmMHVa6ylcZ8tw==/19074327719251012.jpg?param=140y140
29,阿宁kelsi,RADWIMPS2018北京演唱会歌单,1469,1,144,日语另类/独立,http://p1.music.126.net/QydkCKQS6O7v0x9TWtH54Q==/109951163407740413.jpg?param=140y140
30,喵吖的铅笔,韩‖开口沦陷，独具魅力的韩式女声,1776,3,16,韩语流行放松,http://p1.music.126.net/d4ypiiSx9wbGqfkSFwfULw==/19218363742482870.jpg?param=140y140
31,KillBunny,那些你听过的没听过的优质英文歌的中文翻唱,6262,4,46,欧美华语流行,http://p1.music.126.net/htP2USIEISM5WCTQnkE1gg==/109951163276094203.jpg?param=140y140
32,牛腩粉丝,「日系」想和你一样做个明媚的人,18871,0,190,日语流行浪漫,http://p1.music.126.net/zaWTOH_kDJHAc9mRBMzo5g==/109951163241970782.jpg?param=140y140
33,只是一只废喵,『日系治愈』少年啊你眉眼如画,12134,3,74,日语治愈流行,http://p1.music.126.net/TkmLCXoV1IXvR2vrVgJ1nA==/18991864347190545.jpg?param=140y140
34,759513I,等琴音唤醒每处阳光,3366,3,23,钢琴轻音乐治愈,http://p1.music.126.net/eOgluR9CR8FkfF7FgEWHOQ==/109951163278599117.jpg?param=140y140
0,明石w行社,〖日系〗骑行少年与元气摇滚,715,8,26,日语摇滚,http://p1.music.126.net/sRbsvGKoOel-7lMQl4Moig==/109951163399596872.jpg?param=140y140
1,Sk1un,华语唱作人|才华横溢文武双全,1203,0,19,华语流行经典,http://p1.music.126.net/T7P8hvtC2QNje88Ur5dfEw==/18614731860453500.jpg?param=140y140
2,鹿白川,Wow！这些歌简直好听到闪闪发光,1985,2,23,欧美流行放松,http://p1.music.126.net/U4xouGXwuN2_JHu61FC0SA==/18686200116245922.jpg?param=140y140
3,惊乙,吸仙气！这些歌的封面全是好看的小姐姐,355,5,19,韩语另类/独立清新,http://p1.music.126.net/56zW9gaQLNUAV-mnCsW_Bg==/18996262393699668.jpg?param=140y140
4,他名称为奇妙策士,「轻电」悦耳旋律｜入耳清凉,849,8,11,欧美电子放松,http://p1.music.126.net/v2tbIH7DsCS2c7F1GFA3TQ==/18962177533249066.jpg?param=140y140
5,等你先爱我,愿对方安好，愿你可以放下,616,8,10,华语流行治愈,http://p1.music.126.net/l891nAHJaQQNUXPYgDsjEg==/109951163410028044.jpg?param=140y140
6,DJSnake,DJ??Snake??Radio,1680,6,38,欧美电子说唱,http://p1.music.126.net/nMRjEaAJ6kf4t5n-E-NWPA==/109951163403259562.jpg?param=140y140
7,MarshmelloMusic,Mello Gaming,16249,6,397,电子欧美舞曲,http://p1.music.126.net/p-s-kDologUtyNYrloS1Xw==/109951163406760406.jpg?param=140y140
8,Tobeagorgeousfart,【漂浮设定】夏日西瓜味的糖与你,9391,3,62,华语放松流行,http://p1.music.126.net/zfIdexOWSbhin7Z3F07fSw==/109951163405066616.jpg?param=140y140
9,鹿白川,论如何优雅的做个不动声色的大人,99899,8,981,欧美安静治愈,http://p1.music.126.net/OTo1B2rt0B4qgqwM4JcKcA==/19106213556533227.jpg?param=140y140
10,辞雀,『古风』催泪剪辑常用BGM,65662,3,3471,华语流行古风,http://p1.music.126.net/9Eno8oEcNRy8vXzyEtudPA==/18998461416954452.jpg?param=140y140
11,云音乐VIP,那些年我们追过的翻唱神曲,2324,7,39,华语日语怀旧,http://p1.music.126.net/ExcxmH38i-Go7_4fj2ADHw==/109951163405481423.jpg?param=140y140
12,米契比,「古典」舞动人生 蹈出精彩,2368,6,18,古典舞曲,http://p1.music.126.net/2pTb3Ltqw07ey_AiRac_-g==/109951163400829914.jpg?param=140y140
13,WW青尘,这些歌名连起来，是我暗恋你多年的秘密,106626,1,1250,华语流行伤感,http://p1.music.126.net/P1IXTC2djtA89w7SDaTMyQ==/109951163391859286.jpg?param=140y140
14,云音乐VIP,新歌声的七年之痒??聆听冠军成长之路,1308,3,17,华语怀旧感动,http://p1.music.126.net/n4400jtTfgmbltG3IWscJQ==/109951163404863171.jpg?param=140y140
15,Bulletproof-Heart,Punk Remix 朋克与电音的行星对撞,470,8,5,欧美电子朋克,http://p1.music.126.net/VHn6XfbQybqkh7tBC3rBxw==/19177681812282226.jpg?param=140y140
16,七黛月,Liquid DnB告诉你什么才叫摄人心魂的BGM!!,9960,8,50,电子欧美另类/独立,http://p1.music.126.net/3YZ4LsD7_CA9z3hV8p3ASQ==/19060034068097366.jpg?param=140y140
17,花色游戏,『古风』我自问酒不问仙 半世逍遥半世癫,10393,9,298,华语古风孤独,http://p1.music.126.net/myeCBFphfOFBbhI39iEpDA==/109951163403711788.jpg?param=140y140
18,不要乱来啦,活的像风 没有归宿 却也够酷,7587,2,121,欧美流行工作,http://p1.music.126.net/AoQzfwE2EhNjqvtFHuPKyA==/19202970579730355.jpg?param=140y140
19,慢门先生,二字华语｜不经意的偶遇 无意间的心动,3105,6,58,华语流行粤语,http://p1.music.126.net/FxzcFdtIEcXJ8VoxDbh7Pw==/19047939440211754.jpg?param=140y140
20,莉犬,心碎日语| 好想触碰你，好想见到你,37774,2,282,日语ACG伤感,http://p1.music.126.net/-GU6rDGfut2k9PZUsNfz0Q==/109951163395653143.jpg?param=140y140
21,佯佯得意,听了几个故事，正好讲给你玩,45014,4,280,华语古风感动,http://p1.music.126.net/nyKX7yZGyVRADTbehV0h7A==/18603736744128350.jpg?param=140y140
22,云音乐歌单之友,《中国新说唱》入围选手作品合集,51329,7,1428,华语说唱,http://p1.music.126.net/EkTY14KMxcQGPVrt6FAHuA==/109951163380159129.jpg?param=140y140
23,大小姐不高兴,????18年6月新热电音推送,18433,6,269,欧美流行电子,http://p1.music.126.net/Nvv0Bk8z3-2fVsxwhPEySw==/18501482162798944.jpg?param=140y140
24,卿公子的字,最新神曲合集，这个夏天就靠它们过了！,14916,3,28,流行世界音乐华语,http://p1.music.126.net/VVHU6FzAisT1JAtlPdwdCQ==/18738976674416019.jpg?param=140y140
25,花色游戏,『古风』古往今来多少事 皆随风雨醉心头,21842,4,72,华语古风流行,http://p1.music.126.net/eEfM26LUc-YTXjRVhBWF-w==/109951163389210259.jpg?param=140y140
26,傻某猹,“甜蜜的事情有一大半都发生在夏天”,8837,5,78,欧美放松快乐,http://p1.music.126.net/duEGdGbhHbsihRvG4jhd9A==/109951163398515275.jpg?param=140y140
27,-情殇雨夜-,炎热夏季，就要冲响浴池进行曲,43747,8,336,华语快乐流行,http://p1.music.126.net/Bls0ekEKKCn4lRSIyhJHuQ==/109951163395793610.jpg?param=140y140
28,AirRadio空气赫兹,夺冠之夜??|??暂别世界杯，足球之外还有音乐,211,8,11,流行摇滚运动,http://p1.music.126.net/zcByzcV-cz1jSD7hhfGg4w==/109951163409351445.jpg?param=140y140
29,-情殇雨夜-,暗恋始终是一个人的流离失所,29375,0,283,华语流行伤感,http://p1.music.126.net/Ik_2ud_6tUtfLi94LtupSQ==/109951163390002383.jpg?param=140y140
30,格雷森_蔡斯,『纯音集』| 绝美温柔搭配优雅钢琴,5009,5,20,轻音乐感动治愈,http://p1.music.126.net/DIhswkfurDMUJMH2OMDQjg==/109951163389723866.jpg?param=140y140
31,网易云音乐,【青春洋溢】乐华娱乐热门单曲精选,654,7,119,流行华语榜单,http://p1.music.126.net/Hbe3khGX2WL8vYyF3UVdgQ==/18935789254179941.jpg?param=140y140
32,不安定的滑稽,这位同学 打扰一下，有个恋爱想和你谈谈,17865,4,269,日语浪漫ACG,http://p1.music.126.net/DGka2Wu_5PSaqLyKaQT7ww==/18988565812043578.jpg?param=140y140
33,O你,即使生命如尘，仍愿岁月如歌,22528,8,129,华语治愈,http://p1.music.126.net/qMACzIR5NueIuItPV2jjTg==/18873117091265008.jpg?param=140y140
34,紫萱Daylily,偏偏遇到你 恋着多欢喜,17450,2,344,华语民谣流行,http://p1.music.126.net/FRSmQQlokuSISVYgpnMkWQ==/18686200116266964.jpg?param=140y140
0,吉爸爸-Official,【_袈波】放克节奏 & 复古电子,11147,8,85,欧美舞曲怀旧,http://p1.music.126.net/CB6d3ZpYvNkUqRrFVwkFiA==/109951163339166042.jpg?param=140y140
1,梅格妮-妮,韩语 | 集聚摄氏度，寄一抹盛夏里的微醺,1993,5,86,韩语放松,http://p1.music.126.net/q1ochTxkcH988NZ0Z006kQ==/109951163378598501.jpg?param=140y140
2,鹿北浠,「脑悬空式」沉淀情绪，意识抽离,1860,4,13,欧美孤独浪漫,http://p1.music.126.net/pl3Seqv3v7dFFd8-hgZELw==/18886311230922642.jpg?param=140y140
3,ong专属你的我,莉哥o3o唱腔另类,2509,2,18,华语轻音乐放松,http://p1.music.126.net/Qp9Xg7TkAmFSGX39TP4FkQ==/18542164093028938.jpg?param=140y140
4,黄鲲_,「那些醉人的华语妖嗓」,5704,5,14,流行R&amp;B/Soul放松,http://p1.music.126.net/xlbQITpZ0Ql5CQd8-YwIww==/109951163325931251.jpg?param=140y140
5,佯佯得意,「古风」钢琴前奏，还你一个清凉静谧的夏天,67238,5,138,华语古风钢琴,http://p1.music.126.net/xyM7WWIi6MH2IMH1gxwUZw==/19089720882044508.jpg?param=140y140
6,狸奴__,每天提升正能量 心中充满小太阳,26696,6,306,欧美流行治愈,http://p1.music.126.net/ENvgKWcvGrF4tmJXAsd0Xw==/109951163371559875.jpg?param=140y140
7,流年忧光影,『考前奋力一搏』 加油，为自己而努力,7681,8,139,华语粤语治愈,http://p1.music.126.net/xxz7EXSpALFOQlj7WQBT-w==/109951163323783198.jpg?param=140y140
8,q~先森,你的嘴角 说话的时候有浅浅的笑,16256,3,168,华语流行民谣,http://p1.music.126.net/bh4c9a8kYWnqQbEG3MtzSQ==/109951163393802629.jpg?param=140y140
9,花嫁赫萝,二次演绎｜爵士与萌元素的浪漫邂逅,87383,4,389,日语爵士ACG,http://p1.music.126.net/5azQhYfgzdjac91H5cKdYg==/109951163277552304.jpg?param=140y140
10,谐星七十六号,【提琴电音】自悠扬起，余韵无穷,13936,8,298,电子器乐欧美,http://p1.music.126.net/oRr1GGfQCnlpj8R3e2haSA==/109951163401451378.jpg?param=140y140
11,绀冬,日系男声 | 微风掠过，你眼底是最美的盛夏,31954,1,83,日语治愈清新,http://p1.music.126.net/ZBU6Vck8Eghu5KHBplk7mA==/109951163301255126.jpg?param=140y140
12,佐仓小小千代,『1975-至今』经典日剧主题曲/剧中曲大盘点,18586,7,141,日语影视原声经典,http://p1.music.126.net/Ka1Jo17hHdXha_b1CbMRjQ==/109951163302814880.jpg?param=140y140
13,粟米and粟子,一首林俊杰 一首孙燕姿,208,2,2,华语感动怀旧,http://p1.music.126.net/c3qHAMkH3QcvzKQV8OQB4w==/109951163407109624.jpg?param=140y140
14,浮世之舟,森田童子――谜一样的旷世奇才,4806,0,28,日语怀旧经典,http://p1.music.126.net/7bx1fYGvmRbwCtlPAixjNg==/109951163349760631.jpg?param=140y140
15,积木立方,清醒白日梦：天空和翅膀属性的旋律,2181,8,15,摇滚流行另类/独立,http://p1.music.126.net/xpu61g2_2kDbwg69zlTwMQ==/109951163349206935.jpg?param=140y140
16,曼彻斯特流氓11,??醉后不知天在水，满船清梦压星河,2934,6,46,电子流行摇滚,http://p1.music.126.net/5yLPLoWkhAQD77Z5-Ll7Qw==/109951163324653261.jpg?param=140y140
17,苏箫羽,义无反顾奔向你，去寻回一颗纯真童心,2948,9,36,民谣儿童华语,http://p1.music.126.net/tRwDI-cVsMNMecj07Yzx0Q==/18776360069739457.jpg?param=140y140
18,养只喵取名为猫,『纯音』高考&中考丨减压小仓库,43680,3,678,轻音乐学习放松,http://p1.music.126.net/0v1vwVAMtqnZbCUanqglog==/109951163293111736.jpg?param=140y140
19,xept,「日系抒情」无处寄托的心，无法忘记的你,46057,3,161,日语流行ACG,http://p1.music.126.net/uCkQ2bTatWQunTM6kix5WA==/109951163298164720.jpg?param=140y140
20,漂洋黑子,“你唯一应该超越的人就是昨天的你”,15294,0,90,欧美流行,http://p1.music.126.net/6XRUnwAp1tVadk2DxuKQuw==/18996262393687403.jpg?param=140y140
21,找蔓藤,【怀旧向】那些陪我们长大的影视金曲,1636,8,41,华语影视原声90后,http://p1.music.126.net/sMel7JRIzhMNxqOWR3P8zw==/109951163276706138.jpg?param=140y140
22,薛定谔的缝纫机,今天又是元气满满的一天,15286,4,200,欧美流行快乐,http://p1.music.126.net/YoGflfjAuNJs5pnpNld1OQ==/109951163337391186.jpg?param=140y140
23,养只喵取名为猫,孤独的守望者丨星空只属于你,3955,1,37,轻音乐孤独另类/独立,http://p1.music.126.net/wQaxWX--uRm5JU3TrzFpJQ==/19003958975100098.jpg?param=140y140
24,JulianSteven,欧美清新／柠檬味的夏日海风,17506,2,118,欧美流行清新,http://p1.music.126.net/0tuth8f8SCuvKT8jgkpctw==/19077626254153534.jpg?param=140y140
25,冰糖炖雪梨Er,Acoustic｜坠入不插电版的电音人声,33703,5,139,欧美流行电子,http://p1.music.126.net/FDYPdLxtWTtPEZWR4KZO5g==/109951163305706170.jpg?param=140y140
26,莉犬,百位V家P主，每人一首良曲,30954,2,254,日语流行ACG,http://p1.music.126.net/Co6ysX0DJ-pp-ZZO8QGwnw==/109951163402386335.jpg?param=140y140
27,谐星七十六号,【女声电音】甜蜜与动感的美妙律动,12795,3,142,电子性感舞曲,http://p1.music.126.net/hwSdKAIya-j_FPvefY-sJA==/109951163292960253.jpg?param=140y140
28,宁遇夏,感人瞬间|那些演唱会万人合唱经典时刻,2107,0,14,华语流行怀旧,http://p1.music.126.net/apOKH_Lo-JmAbjX_VlE0xQ==/18793952255788354.jpg?param=140y140
29,Sk1un,流行朋克|生活需要一点小情绪,4477,7,28,欧美流行朋克,http://p1.music.126.net/cZAAueouSUSdatCFs3SQ0A==/19178781323898689.jpg?param=140y140
30,时光如水你好,土味告白歌词来一拨，还不学起来！,4157,8,84,华语流行浪漫,http://p1.music.126.net/v9z2n0_UK2f69DKDncVszQ==/109951163333729559.jpg?param=140y140
31,花色游戏,『原创古风』编曲给音乐划上浓墨重彩的一笔,53120,1,164,华语古风学习,http://p1.music.126.net/hhjoJ4UtbsGo_iFPnct4hA==/109951163410456980.jpg?param=140y140
32,759513I,穿行隧道的摇篮,3110,4,46,钢琴治愈轻音乐,http://p1.music.126.net/VcQp4EI0mm4neDcF1enFMQ==/109951163311348987.jpg?param=140y140
33,UkubirdEDM,澄澈电子|凭着一颗真诚的心指引,1860,0,21,电子兴奋放松,http://p1.music.126.net/_sdJup8u4xWAvoeU-qaa2g==/109951163408748294.jpg?param=140y140
34,太滚妮呀,『说唱』只要活着，就可以找到有趣的事,1010,0,9,韩语流行说唱,http://p1.music.126.net/4zDT8E_ObXjiDJ4pJ5MoOg==/19218363742510224.jpg?param=140y140
0,云音乐VIP,2018世界杯 | 用音乐为足球呐喊,32775,6,545,世界音乐运动兴奋,http://p1.music.126.net/SomD2Bl5UII6mF-qCigL3g==/109951163353135549.jpg?param=140y140
1,Dum-娅馨,史诗级神曲 震撼就在下一秒 致魔兽世界,4460,7,57,欧美电子游戏,http://p1.music.126.net/xjjis56TvjpohGh8hTW5cw==/109951163360963804.jpg?param=140y140
2,Lu_ffy,『华语女声』糟糕！是心动的感觉,131995,9,854,华语流行清新,http://p1.music.126.net/g8haa8l0ByrZ3jf0NGMvbw==/19039143347142017.jpg?param=140y140
3,佯佯得意,提及年少一词，应与平庸相斥,86257,4,545,华语古风孤独,http://p1.music.126.net/YncNSWaxVRMJzUsqQbOKrw==/18807146395318717.jpg?param=140y140
4,Quanjfic,「电子慢摇」陷入节奏的泥潭中,32612,0,273,电子轻音乐散步,http://p1.music.126.net/A7llpK-DxGRc6LAMUjgT8w==/19052337486424281.jpg?param=140y140
5,狸奴__,我不喜欢这个世界 我只喜欢你,54693,0,466,欧美流行清新,http://p1.music.126.net/BAYpYdeGRGPkWgjJrpd-qQ==/109951163350599699.jpg?param=140y140
6,Aka_ya11,R&B Soul情绪诊疗机构,12,1,评论,R&amp;B/Soul另类/独立治愈,http://p1.music.126.net/LUI11GuW3qpEfPOFTa_gvg==/109951163377570681.jpg?param=140y140
7,名侦探-柯北,〖私藏〗节奏盛宴，电音中的质感女嗓,18804,7,84,欧美电子清新,http://p1.music.126.net/kGVNurshERMGj5wTIsWRsg==/109951163333746609.jpg?param=140y140
8,永恒的梦幻欢乐园,Source水滴厂牌・最灵动的节奏,35149,9,209,欧美电子清新,http://p1.music.126.net/LYj_zujTFLeMIn94pmZXUg==/109951163363841520.jpg?param=140y140
9,薄荷猫晒太阳,今天也要有完美的主题曲,8086,2,111,欧美电子流行,http://p1.music.126.net/23JUjCPZ8VqD24PrjRRmsw==/109951163383396437.jpg?param=140y140
10,AirRadio空气赫兹,足球之夏??|??2018世界杯，请收下这份足球BGM,45851,6,1439,欧美摇滚运动,http://p1.music.126.net/v4ZqDCTXBsxH5R12y1u65Q==/109951163356471180.jpg?param=140y140
11,名侦探-柯北,我不丧，只是在心情差时碰巧多听了几首歌,96262,7,584,欧美伤感孤独,http://p1.music.126.net/NEps1vkKnEEJWaKeb_0x0g==/109951163330049735.jpg?param=140y140
12,冷山集,谁说小确丧里没有糖？,4866,9,41,欧美后摇另类/独立,http://p1.music.126.net/pu1vgSwY4zqnxvajE1iWDw==/109951163359935144.jpg?param=140y140
13,xept,励志摇滚 ・ 人生本是永无止境的攀登,76182,2,355,欧美流行摇滚,http://p1.music.126.net/TsTuvSHQunwAP7GgoLL9sg==/109951163322657750.jpg?param=140y140
14,生,民谣丨在你笑里睡一夏天,43042,4,179,民谣华语快乐,http://p1.music.126.net/52xvBW-gpc7hyWloOMUkHQ==/19185378393676360.jpg?param=140y140
15,浮世之舟,日本邦乐史――浪曲篇,1691,9,55,日语经典怀旧,http://p1.music.126.net/nqPUUWj_0vvjhqPMqqeHvQ==/109951163339380598.jpg?param=140y140
16,情思天鹅,确认过眼神，遇见对的人,120,8,2,华语浪漫粤语,http://p1.music.126.net/jsSKbSOBu_6c_Z8WUQX5dw==/109951163371949083.jpg?param=140y140
17,pure日月,【燃情时刻】世界杯音乐集锦,88852,6,1316,兴奋经典运动,http://p1.music.126.net/yjN7xW3BUweTwBTV0nqJgA==/109951163351508004.jpg?param=140y140
18,______少女熊酱,「夏至 | 今天我也喜欢你喔 」,65700,4,1218,华语浪漫散步,http://p1.music.126.net/EiTqu9rcFbi1hfz3vQDp3g==/109951163367011159.jpg?param=140y140
19,卿公子的字,有意思！这些歌的歌名居然对着唱反调,130184,5,3387,华语流行快乐,http://p1.music.126.net/eOpBA3vOWDbijBLiBWfX7w==/18572950418611715.jpg?param=140y140
20,谐星七十六号,【空灵电音】氤氲缭绕 静谧沁人,4917,6,52,电子清新安静,http://p1.music.126.net/083U3PcUN8ZSMjjy4pQOew==/109951163352246779.jpg?param=140y140
21,黄鲲_,Pop Rap | 谁说饶舌就一定是动次打次,18318,7,70,流行说唱浪漫,http://p1.music.126.net/JfIg8Y46mhS8QSQHwDMPJw==/109951163391920180.jpg?param=140y140
22,红佩刀,岁月留声｜听一张２０世纪的老唱片,32953,5,289,华语日语怀旧,http://p1.music.126.net/gM_h6qjE0iQQAwOnkXcysQ==/109951163362013434.jpg?param=140y140
23,谐星七十六号,【万评电音】抬头，已是一片星海,41594,8,254,欧美电子舞曲,http://p1.music.126.net/M8P1hkIMBeN2JnoCqVoClQ==/109951163333239429.jpg?param=140y140
24,云音乐VIP,四六级 挂是不可能挂的,17570,5,345,欧美学习兴奋,http://p1.music.126.net/RejLGww8hZAaCDYVfR1Qqw==/109951163354692136.jpg?param=140y140
25,云音乐曲库,『高考过后怎么嗨』答案就在这里,73724,3,590,欧美电子酒吧,http://p1.music.126.net/sruYts7EmyMJIvnF-uNvLw==/109951163339854976.jpg?param=140y140
26,心有力丶而余额不足,精致Rap说唱 |以后找个人陪我来唱,4316,5,19,华语流行说唱,http://p1.music.126.net/BKBSs2UUR3z2Sj01w303Xg==/19195273998320080.jpg?param=140y140
27,Profuns工作室,星爵的磁带随身听全集(含复联3插曲),386,4,3,影视原声经典舞曲,http://p1.music.126.net/p3jMN7Qbv04o7KdKABLcmQ==/19243652509944916.jpg?param=140y140
28,Romantic丶Notes,【经典】一首老歌，想念一段时光,92477,1,199,华语粤语怀旧,http://p1.music.126.net/fR6GChtoT5QZao50O_BMcQ==/109951163311246502.jpg?param=140y140
29,-独守一人心-,曾经喜欢你，卑微到尘埃里,84129,9,634,华语流行伤感,http://p1.music.126.net/5Y3F566PdBR9mOiu9Fx61A==/109951163375750272.jpg?param=140y140
30,云音乐VIP,当我跑步时 我都在听什么,17455,7,116,运动兴奋快乐,http://p1.music.126.net/1xeH1EGFXLoXTBr_ufbSCw==/109951163336165440.jpg?param=140y140
31,小番茄种植员啦啦,「高质量英文歌」让你单曲循环的英文歌,12787,3,435,欧美流行放松,http://p1.music.126.net/Op-a3I7Iy-amnSlzhVcWxw==/18814842976746273.jpg?param=140y140
32,NickyRomero,爱你，身心俱疲却又难以割舍,5707,3,65,欧美伤感浪漫,http://p1.music.126.net/bTGl6IVvb2aTf8ztkurj2w==/109951163377194649.jpg?param=140y140
33,猫头罐与六便士,许嵩歌曲收录｜一代人的青春,20736,2,296,华语90后流行,http://p1.music.126.net/ybIVQ5KJE8SkZuPIQlLrvA==/19172184254128371.jpg?param=140y140
34,空虚小编,那些年，爸爸爱听的歌,51581,0,2057,流行怀旧经典,http://p1.music.126.net/RqsJE6oJsLiP1uYqecjc0w==/109951163356213216.jpg?param=140y140
0,冷山集,“一个一见到你就笑的人是有多喜欢你？”,3479,3,64,华语流行浪漫,http://p1.music.126.net/NISSxle88__NbtKBc4VjRA==/109951163364617654.jpg?param=140y140
1,q~先森,寻声计划Vol.7° | 请查收说唱男声的情话,9420,2,45,华语说唱浪漫,http://p1.music.126.net/vf5fXbTkaeT_DVomsHDBPw==/109951163351479469.jpg?param=140y140
2,-独守一人心-,诗与歌的相遇，被唱出来的现代诗,27676,5,97,华语民谣流行,http://p1.music.126.net/ZVcHtWClNQ5HgJFlK3m8jQ==/109951163331134595.jpg?param=140y140
3,浪逃,现代诗与歌的浪漫邂逅,31929,9,416,华语民谣浪漫,http://p1.music.126.net/opTfWSRd3YcWsd7gh18nvQ==/109951163349882644.jpg?param=140y140
4,怪兽Sound,EDM史诗级混音，你听过几首？,66022,9,243,欧美电子舞曲,http://p1.music.126.net/JzB7nRnnXweMkcjDoGToAw==/109951163331032977.jpg?param=140y140
5,七黛月,鼓点节奏 声出即掳获双耳100％????,56831,6,184,电子欧美舞曲,http://p1.music.126.net/YeodNp-YatCpG1Yu0_0oMg==/19012755068115461.jpg?param=140y140
6,阿卡琳,唯美纯音｜起舞月云下 漫步花海中,14357,6,61,轻音乐治愈ACG,http://p1.music.126.net/_PmCCHU8dfM1F2XwFRQEeQ==/109951163325451685.jpg?param=140y140
7,苏箫羽,复古青年爱听酷酷的歌°,9612,2,51,欧美摇滚另类/独立,http://p1.music.126.net/gL0T_M15_6f1xyb3J7AD3w==/18572950418611970.jpg?param=140y140
8,┪乓衾,当足球遇上音乐，当球员跨界歌坛,14553,7,397,欧美运动,http://p1.music.126.net/gQmupwt9-oYpc132uCq6LQ==/109951163353030761.jpg?param=140y140
9,mayuko然,结婚曲丨小哥哥 你准备好娶我了吗,95948,4,1004,欧美流行浪漫,http://p1.music.126.net/InrRHVw1O4tFLxCa2GEqWg==/109951163322975638.jpg?param=140y140
10,安Vivienne,我为将新欢视为初恋向旧爱致歉,25144,6,617,华语流行治愈,http://p1.music.126.net/kS-J47uU5Ix6jG5XkzwFYQ==/109951163335291492.jpg?param=140y140
11,云音乐歌单之友,十年林宥嘉：爱你这回事，整整十年,76368,9,599,华语流行感动,http://p1.music.126.net/vgq-e6CVHF5AI3PQOP_coA==/109951163329357851.jpg?param=140y140
12,嘻哈会馆,2018中国新说唱参赛选手合集,28138,6,581,华语说唱,http://p1.music.126.net/HwdZtq9E4B2sGWJgrgqWDw==/109951163309757770.jpg?param=140y140
13,原点FM,【日系&节奏控】这个歌单有毒，请谨慎食用,16094,8,105,日语流行ACG,http://p1.music.126.net/fuch3ZqTkMPKqhaexD0krg==/109951163317832147.jpg?param=140y140
14,白逸不白,许民灿（持续更）,144,1,8,电子兴奋,http://p1.music.126.net/hhjJWPM-SAegBBpmPDpC-w==/18784056651130345.jpg?param=140y140
15,橘子树风车,粤语传世经典，怀旧是人的本能,1832,3,16,粤语怀旧伤感,http://p1.music.126.net/PsONIoIzCJ-9gPCAeq9ahw==/19115009649498152.jpg?param=140y140
16,漩涡小子,[音游]Muse Dash -１ - (Origin)起源,8389,2,316,电子游戏ACG,http://p1.music.126.net/opVgvYZz5_H62HvspnPY-g==/109951163364775834.jpg?param=140y140
17,Dgirs丶,Rnbass??慢 性 沦 陷,10295,5,65,韩语R&amp;B/Soul另类/独立,http://p1.music.126.net/sZOP4Tw-pUYU4FsHjc3tcQ==/109951163370723925.jpg?param=140y140
18,傻猹不傻,怎样撩到一个酷酷的小姐姐？,68471,1,1403,欧美流行快乐,http://p1.music.126.net/N0grady1Vn-FisGHSqqE3Q==/19163388161108646.jpg?param=140y140
19,纯音乐的梦,陪你在「纯音乐」里看尽世间繁华,8257,8,47,轻音乐学习夜晚,http://p1.music.126.net/mwEEyRQp7aUFFahvHb84Dw==/109951163332055537.jpg?param=140y140
20,音乐链顶端的男人,摩登复古趴｜中老年抖腿综合症患者福音,7917,3,95,欧美R&amp;B/Soul舞曲,http://p1.music.126.net/NN7GB1F1aqXd0ZabP4VXpw==/19024849696010568.jpg?param=140y140
21,治愈兔,「治愈/钢琴」温柔是你眼里沉淀的时光,3702,2,22,轻音乐治愈钢琴,http://p1.music.126.net/ASQsGqWUVfHyYy7lGMJKpA==/109951163391990354.jpg?param=140y140
22,玫瑰王Cold,城市再喧闹，没你是空城,47839,0,237,华语伤感孤独,http://p1.music.126.net/yBrKjpAFGOm7NFDETiZEmg==/109951163330506042.jpg?param=140y140
23,清文鱼,Oliver(奥利弗)~黑暗系天使,337,3,12,电子另类/独立夜晚,http://p1.music.126.net/ykAqoAZaKBwOjBjVbQVTkA==/18764265441842458.jpg?param=140y140
24,献给莉莉的玫瑰,日系|予你我全部的温柔,4383,2,30,日语摇滚治愈,http://p1.music.126.net/a784k-3UiGVBlyFR1YBgew==/18865420509990557.jpg?param=140y140
25,浮世之舟,「日系」鸟语蝉鸣 夏日风物诗,7564,7,85,日语经典放松,http://p1.music.126.net/2PGhBgkIBS8lJQWR6HfzzQ==/109951163352751734.jpg?param=140y140
26,Spyromun_,韩RapSoul ・ 我只要你 温柔待我就好,5989,2,37,韩语R&amp;B/Soul思念,http://p1.music.126.net/RKdgFHulHJmz5eRaPVN8EA==/109951163354103699.jpg?param=140y140
27,凌晨噪点,熬夜宣言丨点燃深夜荷尔蒙,13272,5,162,华语说唱兴奋,http://p1.music.126.net/Fl4oxDhwjnC4Si6qG9PQqg==/109951163351868649.jpg?param=140y140
28,环球音乐国际部,凌驾欧美乐坛的女王们,22131,9,212,欧美流行性感,http://p1.music.126.net/Ln4OJYXzEtlEvj1K7TKDRA==/109951163325369986.jpg?param=140y140
29,-独守一人心-,同桌的你，曾是我期待上课的理由,108375,1,2398,华语流行治愈,http://p1.music.126.net/iBq3iqY2DrgCTBdxXX2iKw==/109951163361819371.jpg?param=140y140
30,KillSeVen_,［中国新说唱］入围选手作品,1052,9,31,华语说唱榜单,http://p1.music.126.net/i9-riiAMX_Sz2f03zVtAdQ==/18926993161152271.jpg?param=140y140
31,plussieben,高镜推荐,1415,5,32,粤语,http://p1.music.126.net/7LqkPKHUif11_NOXzVDpAA==/18833534674385062.jpg?param=140y140
32,花嫁赫萝,夜雀酒吧｜爵士与幻想乡少女的酒宴,18123,6,221,轻音乐爵士ACG,http://p1.music.126.net/NARWKXroGmeoImlm2WyZfw==/109951163329176498.jpg?param=140y140
33,谐星七十六号,【励志电音】愿你身披星芒 执笔为剑,39376,2,626,电子学习欧美,http://p1.music.126.net/ylAEzTiyeZC9_1dEPeuNiQ==/109951163321304060.jpg?param=140y140
34,WW青尘,久念致伤，我们听的是歌还是自己,22116,0,162,华语流行伤感,http://p1.music.126.net/OkYdZd7z1y84P6AmDqFH3w==/109951163336608077.jpg?param=140y140
0,-独守一人心-,恋爱记：在有故事的地方寻找夏天的味道,22567,6,198,华语流行治愈,http://p1.music.126.net/5meyFzO6qOdMdP5wG-YbBw==/109951163340046302.jpg?param=140y140
1,凌晨噪点,醉迷男Rapper丨值得单曲循环的男声HOOK,17471,1,47,华语说唱运动,http://p1.music.126.net/7Eh7-sOhUJYzRuuZlXwwHw==/109951163323593688.jpg?param=140y140
2,Dgirs丶,Jazz Hip Hop??爵 士 魅 影,2379,2,40,韩语说唱另类/独立,http://p1.music.126.net/NiYBjTVvGSA8HXIH7Y84yQ==/109951163379419780.jpg?param=140y140
3,黄鲲_,「夏日午睡洗脑专用」,16108,5,554,流行后摇放松,http://p1.music.126.net/3HfzE8JmVEpoVjCWxdre3w==/109951163339910823.jpg?param=140y140
4,杰尼大叔,你让我尝到了爱的味道,4208,7,41,欧美浪漫流行,http://p1.music.126.net/RGWrWiTfllnuAYVVOh2UgA==/18747772767424627.jpg?param=140y140
5,DJ顾念晨,你是我回不去的过去，也是我到不了的未来,9688,9,53,华语流行伤感,http://p1.music.126.net/NbazzAhhEOuhtWYGMISIdg==/109951163345802884.jpg?param=140y140
6,邵泽宇ye,30度不会热,873,8,1,欧美90后流行,http://p1.music.126.net/juXYLDg-IoJ1Be0YEFsT7g==/109951163322116654.jpg?param=140y140
7,-墨孜然-,再睡一夏|今夏也是非常令人安心的味道,12500,1,80,日语ACG轻音乐,http://p1.music.126.net/njs2eq1Vxo-jXHsEdxKWpg==/18970973626225731.jpg?param=140y140
8,神之宠厌,什么才算是初恋呢～。,7495,2,121,日语R&amp;B/Soul治愈,http://p1.music.126.net/U52d0jak6FX0tuZM5zoclQ==/18499283139539770.jpg?param=140y140
9,Dgirs丶,【韩】Chillout??幻  仙 踪,1139,1,26,韩语电子另类/独立,http://p1.music.126.net/HMkscm725lKu7Zr1HE0-cg==/109951163370563356.jpg?param=140y140
10,云音乐小秘书,2018年6月小秘书新歌推荐,719,4,48,另类/独立地铁安静,http://p1.music.126.net/8n0IwXPXJG4Ac07aGlyV1g==/109951163384197187.jpg?param=140y140
11,居居的迷妹阿,地星撞海星,242,2,44,华语,http://p1.music.126.net/lYl5ncgfriWvI0ao1Ch4zw==/109951163405592667.jpg?param=140y140
12,a音,【重磅电音】载着电音去兜风,202,3,9,电子欧美驾车,http://p1.music.126.net/rbq5y83J2KMbmpxJ8qd88w==/19085322835542583.jpg?param=140y140
13,UkubirdEDM,迎接晨曦|阳光般明亮清澈的电子,3072,5,40,电子快乐流行,http://p1.music.126.net/MArrVJ1tvIAFxGXlHhuLng==/109951163329015512.jpg?param=140y140
14,厘厘酱,愿你眼里长着太阳，笑里全是坦荡,2119,9,34,华语流行治愈,http://p1.music.126.net/jolnPQwLF0twiNkKZTtGgg==/18676304512170006.jpg?param=140y140
15,WW青尘,予你情诗百首，余生你是我的所有,220298,9,1383,华语流行治愈,http://p1.music.126.net/m13zofgXFQWrLEOz9mKhcg==/109951163313795420.jpg?param=140y140
16,WW青尘,华语唯美说唱，砥砺前行路上的明灯,4556,9,27,华语说唱治愈,http://p1.music.126.net/QizQH4poQKUC4z3cJwaJvw==/109951163395592097.jpg?param=140y140
17,孑浪,N M $ L,772,9,37,华语说唱浪漫,http://p1.music.126.net/HjxxCZWopUoqcoj0eyK4dA==/109951163323961186.jpg?param=140y140
18,不安定的滑稽,愿我们在彼此看不见的岁月里熠熠生辉,3910,0,51,日语放松ACG,http://p1.music.126.net/urmm4O12M3ZSU6B9KniOzQ==/19142497439860772.jpg?param=140y140
19,浩子Joe,来自直男的反击丨这可是一道送分题哦,5882,6,193,流行影视原声游戏,http://p1.music.126.net/PGg8Kz6lPPB_oWXAC9BdWA==/109951163334199082.jpg?param=140y140
20,唐明君Mus_Tang,『有思想的人都是不合群的』英伦独立小单,807,7,29,摇滚英伦治愈,http://p1.music.126.net/2cp9UszdTHgWCTg-6WybPg==/109951163382116762.jpg?param=140y140
21,谐星七十六号,【甜美电音】你好似在云端吟唱的仙女,40195,1,219,电子浪漫治愈,http://p1.music.126.net/WNf0kCafdyZpvahBkZFmQg==/109951163321201346.jpg?param=140y140
22,宁遇夏,火力全开|高考加油 全力以赴 天道酬勤,3369,4,43,华语流行学习,http://p1.music.126.net/Zoy69QYLoP2GdcHuiDuJiw==/19202970579718335.jpg?param=140y140
23,初音_Miku酱,沉溺于淡淡幻想中，不愿醒来的梦の续章,9832,0,94,日语电子ACG,http://p1.music.126.net/Aicah8Hlj-ptDWjfmceqEQ==/18636722093065911.jpg?param=140y140
24,仓鼠先森DROID-ZEDN,抗拒又撕裂‖电子外衣下的摇滚内核,17594,6,171,欧美电子摇滚,http://p1.music.126.net/BlsS36IAd2OmP23fG4ZseA==/18873117091377628.jpg?param=140y140
25,心上无邪,让你灵魂飞升的电音,835,7,20,电子运动舞曲,http://p1.music.126.net/gmuXI-0WwT5a2Rtkt2gaCg==/18773061534864405.jpg?param=140y140
26,云音乐VIP,重返绿茵场 又是追风少年,3156,8,140,运动兴奋经典,http://p1.music.126.net/ROcyVfGIdPfpn6najEWE2Q==/109951163351682649.jpg?param=140y140
27,双皮奶吃人,中速舒适感 ?? 被你和慵懒裹紧 (1/1),4723,8,42,韩语流行另类/独立,http://p1.music.126.net/CMSPtQ1l-dfQWzQCraA3Og==/19208468137856699.jpg?param=140y140
28,谐星七十六号,【海洋电音】在波光涟漪中荡漾开来,3819,4,26,电子舞曲孤独,http://p1.music.126.net/zVr2UVEQUmy_O0d6umB82w==/109951163337996868.jpg?param=140y140
29,EH秋山,少女，你这么可爱要不要跟我回家去？,19131,8,139,日语治愈,http://p1.music.126.net/G2eafJzxBK9ebY_De0zmsw==/18636722093062662.jpg?param=140y140
30,名侦探-柯北,在这复杂的世界里，你是我唯一的甜,91579,4,502,华语流行快乐,http://p1.music.126.net/QPP-_-MOqURYYlNcmowwyQ==/109951163322230022.jpg?param=140y140
31,我是一条哈土奇,底特律：成为人类OST/Detroit:Become Human,14027,1,512,游戏欧美感动,http://p1.music.126.net/EgcWO0dJhy-CkCrEX7iO_g==/18748872279050582.jpg?param=140y140
32,鹿九月,三字词牌集●红笺小字 说尽平生意,25835,9,434,华语古风民族,http://p1.music.126.net/-OU8OizqH6mfPo48BsxQwg==/19107313068153661.jpg?param=140y140
33,华纳音乐,缓解你的起床气,3299,5,22,欧美流行清晨,http://p1.music.126.net/I9qOvsMZJx8bUqV7KDf7DA==/109951163346649666.jpg?param=140y140
34,谐星七十六号,【吉他电音】跃动于弦上的电流弧光,25183,,148,电子清新舞曲,http://p1.music.126.net/bnHdS3YEEPHjSBt7Ijg9EQ==/109951163303216241.jpg?param=140y140
0,驴子鬼,「故往追者」再瞧暮云雾霭，千鱼跃江海,1459,7,32,孤独后摇,http://p1.music.126.net/ikgMoDbAiiVU0Zb-D3cw0Q==/19084223323913638.jpg?param=140y140
1,宁遇夏,表白撩妹歌曲|你还害怕没有对象吗,85900,5,863,华语流行浪漫,http://p1.music.126.net/SzzzanwxizIQJ_62tpnhsg==/18985267277419410.jpg?param=140y140
2,ChrisYul-Kn,【韩】让你感受女生的霸气??Girl CRUSH,7635,5,124,韩语流行,http://p1.music.126.net/XDVc9jLI3PU2d7unUI48Yg==/18665309395250841.jpg?param=140y140
3,PurpleBattery,6月国电精选??|??崛起中的中国电音,1436,2,16,华语电子舞曲,http://p1.music.126.net/TqU4IK1S7R62Y8uzcCq67g==/109951163383562180.jpg?param=140y140
4,hure_高冷,唯美电音|愿七月的清风带走你所有的烦恼,8596,6,66,欧美电子兴奋,http://p1.music.126.net/_F50RbpAngPs103vLu1oAA==/109951163380744150.jpg?param=140y140
5,mayuko然,你的青春里有没有属于你的一首歌？,394330,1,1661,华语流行怀旧,http://p1.music.126.net/wpahk9cQCDtdzJPE52EzJQ==/109951163271025942.jpg?param=140y140
6,鹿北浠,社交绝缘体 | 每个人都是一颗独立的星球,2996,9,80,欧美孤独另类/独立,http://p1.music.126.net/MeRBpoguUOHLgbSzzMGFcw==/18593841139509846.jpg?param=140y140
7,欧美妖妖,防弹少年团BTS出道以来所有歌曲完整合辑,45244,1,389,韩语流行,http://p1.music.126.net/VOnytEtlGls6c6X9Ab-unQ==/19002859463443097.jpg?param=140y140
8,七黛月,T台节奏BGM??听完这单 谁还不是个超模咋地?,118734,0,484,电子欧美舞曲,http://p1.music.126.net/CTERCyW9WihZH3hvo1NjDw==/18896206835551397.jpg?param=140y140
9,白川京,我向来做事十拿九稳……,35152,3,413,华语流行浪漫,http://p1.music.126.net/9L7IdjhgWfdaEQkB6eZlEA==/109951163314152660.jpg?param=140y140
10,狸奴__,“温柔就是能对抗世间所有的坚硬”,2452,0,17,欧美流行安静,http://p1.music.126.net/Rfm1wnIUUCnxYSJ6XK8_ew==/109951163350555967.jpg?param=140y140
11,勿近生,【深夜歌店】别再丧了，我来爱你.,2747,8,26,流行夜晚榜单,http://p1.music.126.net/EyWkVZYM7sdRlnAs0stbyA==/18826937604615704.jpg?param=140y140
12,江湖无我,「致友人」问君此去几时还，来时莫徘徊,13492,1,144,华语经典怀旧,http://p1.music.126.net/KArF8Sw93Oh192T5BjOPqA==/18825838092856624.jpg?param=140y140
13,Mayday未了,2018hito流行音乐奖吴青峰田馥甄合唱组歌曲,2353,5,86,流行影视原声华语,http://p1.music.126.net/lzcl_Mo__69BkUI7m-AIxw==/18911599998360180.jpg?param=140y140
14,Houtarou_,『幻想魂音』灵魂的呐喊，响彻心扉,9902,9,106,日语感动思念,http://p1.music.126.net/0GJjR4IS4bumw0xmScqslA==/18610333813885510.jpg?param=140y140
15,白川京,如何用手机铃声惊艳四座？ 电子篇,29312,4,313,欧美流行电子,http://p1.music.126.net/0O6X6o18Re1f1sgVv3NVRA==/18878614649510737.jpg?param=140y140
16,爱新觉罗贝,搭乘时光机 重拾闪光的英雄梦想,1990,6,15,华语怀旧快乐,http://p1.music.126.net/ydT4wVxGzoIJW00KBf94kA==/109951163325636104.jpg?param=140y140
17,治愈酱-,纯音丨岁月是谁的挽歌 响在时光的河,1721,8,14,轻音乐思念钢琴,http://p1.music.126.net/dCJ46ykvwWpTHGrFVTqDrg==/19066631137870756.jpg?param=140y140
18,凌晨噪点,直抒胸臆丨华语嘻哈的武侠情怀,16580,5,103,华语说唱地铁,http://p1.music.126.net/4vIvtyDOnAThQvGx2Q3z9g==/109951163304116586.jpg?param=140y140
19,鱼鱼可琳_Song,【华语 | 从南走到北 天亮走到黑】,18445,0,106,华语流行民谣,http://p1.music.126.net/1smsuV9wKp4AV06ncXDTRA==/109951163312707751.jpg?param=140y140
20,羊驼idol,伤心的时候，来偷偷听着哭吧,77520,6,619,轻音乐伤感钢琴,http://p1.music.126.net/3KF0SNG6neJQtRU6pyQiDg==/109951163341199285.jpg?param=140y140
21,夏天里的懒睡猫,『放空心灵』找回心中深处的平静,21955,4,91,欧美流行另类/独立,http://p1.music.126.net/9gNjjXfwl7P5lrBEwtOgww==/18742275209205360.jpg?param=140y140
22,墨_小宝,华语R&B｜炎炎夏日里来点清凉节奏,11501,0,45,华语R&amp;B/Soul放松,http://p1.music.126.net/cnt1yNe2HceJnG4jyGg2bw==/18884112207656273.jpg?param=140y140
23,拿索斯古典音乐,来自纽约林肯中心的听觉盛宴,3496,5,10,古典快乐器乐,http://p1.music.126.net/MYZ02vWt60bZLdism8bmGw==/109951163321179178.jpg?param=140y140
24,情思天鹅,保持一颗童心，生活会更简单,3226,3,23,华语民谣流行,http://p1.music.126.net/DQ06VX_GcaUBU6w5qq9t4g==/18874216603004673.jpg?param=140y140
25,0621号NEXT小怪兽,乐华七子NEXT各家应援曲,105,2,评论,,http://p1.music.126.net/9QX1DXgY-mhxlrB8PzsDPg==/18970973626224496.jpg?param=140y140
26,DJ顾念晨,后来你哭了，想安慰却忘了早已换了身份,153872,0,934,华语流行伤感,http://p1.music.126.net/lL25oxe0hffGMkS7eQaJLA==/109951163301136557.jpg?param=140y140
27,行巷带盐人,150首Spinnin Records推荐歌曲,1527,9,24,欧美电子流行,http://p1.music.126.net/x9XzSS4EYHpmedJjSopDBg==/18994063370424009.jpg?param=140y140
28,mayuko然,还记得你的梦想吗？别让你的梦只有想,150304,9,2134,华语流行学习,http://p1.music.126.net/c-u3kOlkVTUf4JdeDHDdEw==/109951163291871252.jpg?param=140y140
29,避难所Shelter,EDM Trap丨当抒情人声遇上邪魅低音,5477,4,53,欧美电子舞曲,http://p1.music.126.net/yjN-9OQ9U39FMY8sBeDOJg==/109951163324559284.jpg?param=140y140
30,阿良良木先生,绿荫之日――轻快悠闲纯音小调,31861,0,135,轻音乐清新ACG,http://p1.music.126.net/gG4tmSTRVHtsZ9GgUW0rCA==/109951163267700860.jpg?param=140y140
31,浮世之舟,四季の歌・春花 秋月 夏日 冬雪,3689,6,43,日语经典怀旧,http://p1.music.126.net/YgdxCOeIbrExQdFIPuIBTw==/109951163338535916.jpg?param=140y140
32,属于你的榜单控,韩嗓??就是封面控，第一眼就凵夏,3749,4,27,韩语流行旅行,http://p1.music.126.net/MQEnvD2MuXmrxPB7OPp-zg==/109951163325105435.jpg?param=140y140
33,丑萌的猫,点起一支烟，听一首粤语歌,117092,1,420,粤语流行90后,http://p1.music.126.net/lZSsBdcR9xc4YK82MfYjYQ==/18637821604685232.jpg?param=140y140
34,薛定谔的缝纫机,每个人都要有梦想，哪怕是遥不可及,6396,,84,华语流行感动,http://p1.music.126.net/zN5pxhK6VeS_KX170gnFIA==/109951163331298868.jpg?param=140y140
0,UkubirdEDM,Melodic Dubstep|凤凰涅，梦幻美丽,5395,0,62,电子摇滚孤独,http://p1.music.126.net/u-XioDi2YnAtUyyZLfGtUQ==/109951163333875691.jpg?param=140y140
1,鹿白川,耳朵喜欢你 好听到可以单曲循环,280823,3,562,华语欧美流行,http://p1.music.126.net/lFuEXAaUzuNTMF8Z7DNMxw==/19186477905294909.jpg?param=140y140
2,鹿白川,我这么可爱 要不要试着喜欢我,165794,0,1048,欧美流行浪漫,http://p1.music.126.net/wntpXE60csUUtpHABkbqRA==/19200771556177539.jpg?param=140y140
3,鹿白川,如果你不再爱我 麻烦你打车走,19938,1,333,华语流行伤感,http://p1.music.126.net/AiFiKrYl5fbXjDXpbdlLLw==/18970973626231149.jpg?param=140y140
4,Sk1un,复古电子|邀请您参加摩登派对,12841,8,125,欧美流行电子,http://p1.music.126.net/8d8M0_jDf9R6SATw5-WsdA==/19150194021590446.jpg?param=140y140
5,羊驼idol,〖纯音乐〗轻旋淡律，也可以抓住你的耳朵,148699,7,438,轻音乐学习工作,http://p1.music.126.net/7yf2kfPh7wlMGC-d-3AEsw==/109951163309396149.jpg?param=140y140
6,WW青尘,少年，请问你的梦想是什么？,10629,9,179,华语流行兴奋,http://p1.music.126.net/stfXlQbS05tLpj-KRfkSWg==/109951163356321622.jpg?param=140y140
7,,【最爱德国队】※世界杯※欧洲杯※应援歌单,1557,5,103,小语种运动流行,http://p1.music.126.net/YrJC7bCZhi03rIXwUqP6LA==/109951163334183924.jpg?param=140y140
8,云音乐VIP,谁说我们的时代不需要古典乐,4933,3,46,古典放松经典,http://p1.music.126.net/UW19SNSLwWpX0EhpB1uyUA==/109951163351931696.jpg?param=140y140
9,七黛月,"""从今往后你要笑得大方 也要走得坦荡""",58341,9,823,电子欧美另类/独立,http://p1.music.126.net/-83LpOI4kyn7nmtG-0YbVw==/18670806954029763.jpg?param=140y140
10,佯佯得意,这世上“所有”的歌,82628,7,741,华语欧美流行,http://p1.music.126.net/ABnnaVNFGkYjfGhgn_YEDg==/18876415626262844.jpg?param=140y140
11,q~先森,那六月的潮声，原是你眼中的一抹虹,26449,3,149,华语流行民谣,http://p1.music.126.net/DRnshlkBogcHKJ-C5SOdAg==/109951163407598142.jpg?param=140y140
12,Areal肥阳,女音抒情丨茫茫的人世，小小的幸福,33884,1,67,日语放松思念,http://p1.music.126.net/gkSUL-odW3n0Erw4jqyeZQ==/109951163311968988.jpg?param=140y140
13,云音乐VIP,谁解相思味??谁盼良人归,4756,7,96,华语古风治愈,http://p1.music.126.net/p8zQ7PdPKRZIHxF5UWkf7A==/109951163354765796.jpg?param=140y140
14,原点FM,那些思念的夏天，抚慰些许疲惫的心,10611,9,106,日语放松流行,http://p1.music.126.net/rfwUFTP6eWFVicZQHtPJJw==/109951163359566699.jpg?param=140y140
15,Tobeagorgeousfart,【相见恨晚系列】小众fusion的好奇味道,17125,2,103,另类/独立旅行安静,http://p1.music.126.net/ZUMw5dv91LOVCcbfZUwujg==/109951163379184639.jpg?param=140y140
16,楠原由依,[ACG励志]卸下包袱 迈出脚步,33189,3,265,日语ACG感动,http://p1.music.126.net/gwJzOgS6Cx2d24ctID47tQ==/18979769719245315.jpg?param=140y140
17,避难所Shelter,Rap&EDM Trap丨说唱与狂野低音的碰撞,28317,2,120,欧美舞曲说唱,http://p1.music.126.net/nfnbxbuA0hz9hsIsbYbysQ==/109951163349643326.jpg?param=140y140
18,凛予,听完这首歌，就把你忘掉。,13730,8,197,欧美流行电子,http://p1.music.126.net/RuW4ESmdN-QK5sHRsyyOHA==/18724683023241168.jpg?param=140y140
19,明月戏竹影,〖逼格〗大佬霸气登场御用BGM！！,566,5,6,运动游戏学习,http://p1.music.126.net/sNSxC9abRRQM_Kowh07x6w==/19177681812271303.jpg?param=140y140
20,孙宇瑶Grasheyl外加一个小樱桃,G.S.钟意的中国嘻哈Chinese Rap(持续更新),927,5,16,说唱华语放松,http://p1.music.126.net/evSkVGUOP7w8UMDjYcap2Q==/109951163348888442.jpg?param=140y140
21,情思天鹅,流星划过的瞬间，不是许愿便是怀念,17918,0,465,华语流行思念,http://p1.music.126.net/g0_D5iGA5XBvzHB01_TbwA==/109951163399077170.jpg?param=140y140
22,桐崎茜Koko,抒情和风丨泪落心殇 花开彼岸,7607,2,171,日语ACG民族,http://p1.music.126.net/fOzSSvbliNV0Pii7cLLwqQ==/18629025511617403.jpg?param=140y140
23,谐星七十六号,【冷门电音】星光掩盖下的绝美苍穹,17228,6,103,欧美电子舞曲,http://p1.music.126.net/F5vEh_oGIDqDVw63ZyyhHQ==/109951163369668645.jpg?param=140y140
24,不安定的滑稽,「日系男声」直击灵魂的呼唤,43959,0,161,日语治愈安静,http://p1.music.126.net/ytxyYkP-T96PblhR_puwYg==/18877515137889815.jpg?param=140y140
25,大小姐不高兴,????18年5月新热电音推送,38570,7,534,欧美流行电子,http://p1.music.126.net/DQOYrcxpHgr2j3oLV_Yh0Q==/18920396091367451.jpg?param=140y140
26,花色游戏,〔古风式浪漫〕藏在歌词里的一纸情书,60993,3,152,华语古风流行,http://p1.music.126.net/cpZY_wXSSyPs0joyc-rHFg==/109951163328375001.jpg?param=140y140
27,倪珂松,这么热的天 当然要勤洗头啦,129183,6,2383,华语电子流行,http://p1.music.126.net/flfOU_R5zGk7FJtM5vjZgQ==/109951163339161515.jpg?param=140y140
28,你喜欢什么呀,莉哥o3o,5450,1,94,流行翻唱榜单,http://p1.music.126.net/AY6_hHxKCAa8dsdmjbfnJQ==/109951163376094704.jpg?param=140y140
29,蝶影丛虫,浪漫爱情轻喜剧，电影冰室夏日专场,31060,1,275,欧美浪漫影视原声,http://p1.music.126.net/ml7x9KsXmsO4e2sGVPv9ng==/109951163368114998.jpg?param=140y140
30,等你先爱我,世界很大，有故事的人也很多,32618,5,259,华语流行民谣,http://p1.music.126.net/Cc3rl4OVZ9oJ18qHAgwW_w==/109951163393885165.jpg?param=140y140
31,初音_Miku酱,致孤单的人们，让初音带领你离开孤独,22992,5,185,日语电子ACG,http://p1.music.126.net/ZmxRMEYNAnEjfsWP3Tx-oQ==/18863221486727597.jpg?param=140y140
32,三月木子酱,与猫共眠于清风徐夏,14455,0,153,日语清新,http://p1.music.126.net/0lvO4oS6KKgeZJdLnV1pgQ==/18998461416948262.jpg?param=140y140
33,苏箫羽,独行者的心碎梦呓°,2495,6,28,欧美另类/独立伤感,http://p1.music.126.net/Fxww4HEPWEcr20K-tRsuLQ==/18987466300254667.jpg?param=140y140
34,冰糖炖雪梨Er,Strange??Fruits｜爽耳水果味儿清新电音,8157,4,56,电子清新欧美,http://p1.music.126.net/STp41J0GWaDhshZEwjbWdQ==/109951163396991640.jpg?param=140y140
0,黑板抱,我们所怀念的，都是记忆里的自己而已,18933,7,122,华语流行感动,http://p1.music.126.net/gstmWooDYD73CQdx3HgMcA==/109951163393158141.jpg?param=140y140
1,名侦探-柯北,三字华语 | 道不清的简单排列，字字扎心,59942,2,550,华语流行伤感,http://p1.music.126.net/fvwMSpFfPww1ATlATIZlFw==/109951163393835559.jpg?param=140y140
2,UkubirdEDM,玫瑰电子|华丽婉转，扑面清香,14793,1,137,电子欧美浪漫,http://p1.music.126.net/cQu5CYmO1TcmG24uW0avGQ==/109951163401802268.jpg?param=140y140
3,流年忧光影,喜欢一个人，该以什么方式告诉她,4040,5,68,华语流行治愈,http://p1.music.126.net/Uxhu5yy3X-7AltSi_GVGAA==/109951163402135284.jpg?param=140y140
4,小曦芭,韩语：全副武装！压制性听觉干扰,3767,6,238,韩语流行兴奋,http://p1.music.126.net/Cvu4zwGg1Hp7WGGc0c17ZQ==/109951163399426873.jpg?param=140y140
5,雾与晨,今年的夏天，我要谈场恋爱,20354,0,741,华语流行,http://p1.music.126.net/nMiVoXBsi7ljsja9ghuIRQ==/18985267277433161.jpg?param=140y140
6,云音乐VIP,每一个寂静夜晚的坂本龙一,5262,2,83,轻音乐夜晚治愈,http://p1.music.126.net/edCrYgFBZN30y_o-EelL-Q==/109951163392015579.jpg?param=140y140
7,摇智,拆开律动心盒??做你的空气清新剂,7803,0,36,华语流行清新,http://p1.music.126.net/ULgxgBh0Iu4Df6XoLEmh2Q==/109951163386974560.jpg?param=140y140
8,狸奴__,日月星辰落入你眼中 像穿过整个温柔宇宙,3196,8,37,欧美放松流行,http://p1.music.126.net/CA9LBG-hBW2lmtF3TKzIBg==/18831335651129568.jpg?param=140y140
9,风若雨寒,「日系」冷门良曲|在时光里等你牵我手,9456,3,51,日语流行,http://p1.music.126.net/SiIYj39Fp_qaDvo4DK8EmA==/109951163395876754.jpg?param=140y140
10,xept,聆听这些流行乐队的活力之歌,32449,0,187,欧美流行兴奋,http://p1.music.126.net/WWmlbNDq8x46CP2Ce1Q0Xg==/109951163366401291.jpg?param=140y140
11,咩咩稀饭你,日语丨水风空落眼前花,9057,4,80,日语治愈安静,http://p1.music.126.net/VFW7oMXZkPzwQtNmvnjUAg==/19212866184371108.jpg?param=140y140
12,我像只鱼儿在你的荷塘,七月特饮|为你调兑一杯限量的Pink??Soda,8544,2,48,欧美流行清新,http://p1.music.126.net/WTUk81KeFG0nTqnRRb3AEQ==/109951163390306754.jpg?param=140y140
13,避难所Shelter,Emotional EDM丨失落的贝斯,17656,4,161,欧美舞曲伤感,http://p1.music.126.net/TY_yygiRsvT-ErZfRXzDGw==/109951163393260827.jpg?param=140y140
14,对不起我只会蹦迪,雨中曲 | 让我们荡起双桨,168,7,81,流行工作快乐,http://p1.music.126.net/xybAJWDPN5VULAfL2FgU3w==/109951163409666613.jpg?param=140y140
15,lF於1991年的|京女,我没有很喜欢你，我只是经常想你,14463,6,164,欧美清新思念,http://p1.music.126.net/pcmTRoJTPgkxA4HmPqw83A==/18580647000010026.jpg?param=140y140
16,友Xyi,都散了吧！故事始末注定没有我和你,6300,5,93,日语伤感孤独,http://p1.music.126.net/tys4PiLbkIBsWl1fRSi-ug==/109951163389897774.jpg?param=140y140
17,不要乱来啦,愿有光落在你身上，可爱一往如常。,2026,8,17,韩语浪漫夜晚,http://p1.music.126.net/BNlH2xKJhhifYshcKWEvvw==/19233756905301504.jpg?param=140y140
18,雨秋-昴子,如何调配-糖果色的星空,2472,7,25,清新电子快乐,http://p1.music.126.net/MRssZLiCzLirXDK29hF45g==/109951163391849757.jpg?param=140y140
19,Spyromun_,韩RapSoul ・ 时光荏苒 唯我初心不变,2090,1,25,韩语R&amp;B/Soul流行,http://p1.music.126.net/ST90ki1HOQTUoFXuOG57bQ==/109951163390137508.jpg?param=140y140
20,蝶影丛虫,欧美经典公路电影｜行走路上，听风在歌,51933,8,344,影视原声欧美感动,http://p1.music.126.net/eC8_OCdBD3fyRvWjnyyFGQ==/109951163388445517.jpg?param=140y140
21,摇滚纪事,牙齿与酸梅苏打,12861,2,202,欧美地铁,http://p1.music.126.net/iDoVoKueWvrb8RkVSo-gSg==/109951163398342623.jpg?param=140y140
22,Soul灵魂社交,Souler创作的音乐,43,0,9,,http://p1.music.126.net/uz0h4QCM04qKc-bnhJ4sZw==/109951163409861217.jpg?param=140y140
23,云音乐VIP,在路上永远年轻??永远热泪盈眶,12230,5,75,华语感动快乐,http://p1.music.126.net/FPMSE-bkxhCAGIs_UUP6TQ==/109951163391702473.jpg?param=140y140
24,云音乐VIP,婉约在风里的呢喃 呢喃于魄的涤荡,4673,5,138,后摇孤独感动,http://p1.music.126.net/0OfV4MBsKEHzsWC63v1eHw==/109951163395749520.jpg?param=140y140
25,云音乐VIP,舒缓向 | 告别无眠之夜的音乐治愈计划,7680,5,93,轻音乐夜晚安静,http://p1.music.126.net/m6TKqG3TFKS_uCcZT9HUeA==/109951163381518069.jpg?param=140y140
26,q~先森,浪漫法兰西 | 塞纳河左岸的青春咖啡馆,948,6,15,小语种流行旅行,http://p1.music.126.net/d9ABYvLtpi1ohS8jQAdfDg==/109951163409358879.jpg?param=140y140
27,云音乐VIP,民族印象 | 塞纳河畔低唱的如诗香颂,2350,6,48,小语种民族下午茶,http://p1.music.126.net/D0iXnsQs84nUM8-xrbd4dg==/109951163392189374.jpg?param=140y140
28,DJ顾念晨,我多想再见你，哪怕匆匆一眼就别离,29537,7,305,华语流行伤感,http://p1.music.126.net/aouIEl00w9ys8cFQ5Spyqw==/109951163401657454.jpg?param=140y140
29,猫头罐与六便士,华语情歌｜一个字就戳中泪点的情话,30011,6,1801,华语流行安静,http://p1.music.126.net/TLL-xfjw81s6PbDPPqZ2LA==/19211766672751955.jpg?param=140y140
30,苏箫羽,自然民谣集听见薄雾微光,23059,4,96,民谣思念治愈,http://p1.music.126.net/1u63l82hgzNf-MhJ7P782Q==/18702692790688271.jpg?param=140y140
31,Sk1un,独立电子|异彩纷呈的聆听感受,7617,4,203,摇滚电子另类/独立,http://p1.music.126.net/ogT9Y79MjXwU60yRAC10wQ==/19172184254136933.jpg?param=140y140
32,凌晨噪点,说唱时光机丨带你穿梭时空 穿越四季,862,4,3,华语说唱快乐,http://p1.music.126.net/ZLWNIRHL2CW9wJ-uEa6vYg==/109951163388654958.jpg?param=140y140
33,鹿白川,bingo！来一场完美的女声邂逅,49878,1,365,欧美流行放松,http://p1.music.126.net/GfsRg7zNGjfzGePxTN1L2w==/19050138463457380.jpg?param=140y140
34,猫头罐与六便士,岁月留声｜港乐里的王家卫式情话,39605,,314,粤语怀旧安静,http://p1.music.126.net/Uuyc5g6EG0obHHd8FcMF0Q==/18920396091382074.jpg?param=140y140
0,云音乐VIP,克罗地亚狂想 | 马克西姆的不羁与无限可能,356,4,14,欧美古典钢琴,http://p1.music.126.net/lAfWnh_dzL0PxB02WRYhHA==/109951163403756619.jpg?param=140y140
1,YoakeNatsu,欧美 Ι 清新鲜柠剂 你是眼底缱绻柔漾,5707,0,31,清新欧美电子,http://p1.music.126.net/ZqLkYCXgNvJzxnvMABM4Og==/18940187300702681.jpg?param=140y140
2,ALvetX,日语Drum&Bass丨小姐姐嗓音搭配轻躁电音,16500,1,371,日语电子兴奋,http://p1.music.126.net/i2L1NfOLidH2B2qgPoEyPA==/19068830161127363.jpg?param=140y140
3,对不起我只会蹦迪,??星际蹦迪指南??,3017,9,14,欧美电子兴奋,http://p1.music.126.net/La7Rh7U2ZI-9i2bquqYzPg==/109951163381977173.jpg?param=140y140
4,云音乐VIP,无前奏 | 喜欢无需铺垫 几秒就能沉醉,23928,6,160,流行R&amp;B/Soul电子,http://p1.music.126.net/tzPAeqa45vlbj8sGMk1F8w==/109951163393168087.jpg?param=140y140
5,对不起我只会蹦迪,前任？不存在的。,57013,8,1309,华语流行,http://p1.music.126.net/LE72hpGyAsUjdoPgo-LTAg==/109951163394384910.jpg?param=140y140
6,原创君,大海奇遇记 | 是谁的海浪打在我心上,1393,9,14,华语流行民谣,http://p1.music.126.net/CXC97bAX8JCiZsU2l9B-Ng==/109951163393296587.jpg?param=140y140
7,六个翅膀的小粉,「旅途之歌??|??人生天地间??忽如远行客」,16917,8,74,华语流行民谣,http://p1.music.126.net/-hJEYwFwoa7-q88tHAPTBg==/109951163380470412.jpg?param=140y140
8,云音乐VIP,英式摇滚 | 本初子午线边的躁动灵魂,1173,0,54,欧美摇滚经典,http://p1.music.126.net/_mLiHyZWCDxpNrpac-wfrA==/109951163403758095.jpg?param=140y140
9,牧羊奇幻之旅的男孩,为了你，我愿意热爱整个世界 持续更新,1759,8,56,华语轻音乐影视原声,http://p1.music.126.net/_YQQeHd_-pAIMdavK5bdhA==/109951163388932587.jpg?param=140y140
10,-独守一人心-,当三首情歌遇上一个伤感的故事,5214,1,38,华语流行伤感,http://p1.music.126.net/TU8_pba3jSzeKQ64PLFkiA==/109951163376936973.jpg?param=140y140
11,桃字烬_,一句情话‖山有木兮木有枝 心悦君兮君不知,11128,0,68,流行古风华语,http://p1.music.126.net/A8e_RkF9I2POgca3jNRRbA==/18636722093067732.jpg?param=140y140
12,六个翅膀的小粉,「上下班路上解压专用」,86694,4,271,流行摇滚说唱,http://p1.music.126.net/ix1S6cVawPPYJUv8grOkHw==/109951163365592391.jpg?param=140y140
13,AirRadio空气赫兹,梦幻流行??| 庄生梦蝶，噪音也迷人,954,6,7,摇滚另类/独立放松,http://p1.music.126.net/Av1WXaORMVx9yC-Y1LRKIg==/109951163399962868.jpg?param=140y140
14,迟到情书,"""陪你去听夏日里的一场雨""",28668,5,249,华语浪漫清新,http://p1.music.126.net/N-CQGsYKLN2EMk9JiQqtDQ==/109951163392193250.jpg?param=140y140
15,云音乐VIP,有风吹过的地方就有他的声音回荡,6862,5,165,华语流行经典,http://p1.music.126.net/iXnpepMyHO4UqgQf54vnqw==/109951163399991369.jpg?param=140y140
16,情思天鹅,心被填满，因为有你,23408,0,394,华语流行浪漫,http://p1.music.126.net/zahbI50wLp8GrGLtjnKDog==/109951163390318292.jpg?param=140y140
17,云音乐VIP,柔情比利时 | 欧洲红魔的正确打开方式,314,7,14,欧美另类/独立治愈,http://p1.music.126.net/X301RUbVBnuEfd8m59qEeA==/109951163403581624.jpg?param=140y140
18,时光如水你好,韩式小众女声，慢热的人最长情,3221,5,13,韩语流行安静,http://p1.music.126.net/P5nEwTSKXqDxbHzYSqADow==/109951163381912807.jpg?param=140y140
19,2次元菌,「古风」茶凉可续，人走难忆,26144,2,120,华语流行古风,http://p1.music.126.net/4YH5P_Xmiv7XWYtbn_Bbvw==/109951163386638439.jpg?param=140y140
20,不安定的滑稽,日系情话|就像故事的伏笔，就像眼前的你,19566,2,97,日语浪漫ACG,http://p1.music.126.net/YVREKcrYQzK3Uo73Qbzbhw==/18973172649489100.jpg?param=140y140
21,云音乐VIP,艳阳里的大雪纷飞??寒夜里的四季如春,11219,7,77,华语民谣安静,http://p1.music.126.net/EV1RrWoB8HigwjzLp1Dy_g==/109951163368762091.jpg?param=140y140
22,螺丝起子,【华语】我走路带风，我如有神功,83138,2,711,华语流行经典,http://p1.music.126.net/W4uJsQ9YlsegeOBRxRDgJA==/109951163366607291.jpg?param=140y140
23,浮世之舟,「日系」海风吹拂 一曲悠扬的恋歌,3593,0,19,日语怀旧经典,http://p1.music.126.net/82Va7N5fW-V_Bm9bRyi_IQ==/109951163393230477.jpg?param=140y140
24,桃字烬_,一纸情书‖只愿君心似我心 定当不负相思意,26509,3,126,华语古风流行,http://p1.music.126.net/8hx2vwS5bZHm02iBb4Xajw==/18589443093032140.jpg?param=140y140
25,iKarSa,《邪不压正》电影配乐,115,3,8,韩语金属孤独,http://p1.music.126.net/k9tLWAxzyg6B0VAESAO8Rw==/109951163393429946.jpg?param=140y140
26,森外贵宽的T恤,致巨蟹|想要拥抱你柔软的心,91944,7,10289,华语流行,http://p1.music.126.net/Rx-sDU0jvdg5GFNuZmqxCw==/109951163366974401.jpg?param=140y140
27,Solo__Song,《我不是药神》电影原声带,327,5,14,影视原声,http://p1.music.126.net/ppjyWz8nYX3oQ6CI3iEsIQ==/109951163392813184.jpg?param=140y140
28,霓虹小知音_Nihonico,日系??霓虹深处波动着的城市频率,8612,5,79,日语ACG治愈,http://p1.music.126.net/YyuOV1sRUBi7KBafZ69dUA==/19238154951813500.jpg?param=140y140
29,雾与晨,【前奏秒酥】超迷幻风格让你一秒触“电”,4925,5,26,流行酒吧,http://p1.music.126.net/pIOZmigu-HDb65BPbbjrZg==/18936888765801223.jpg?param=140y140
30,惊乙,俏皮韩系 | 轻盈风??精灵少女的舞步,2311,4,46,韩语治愈另类/独立,http://p1.music.126.net/Jxflrx7lLfCkuHln-sEasA==/18915998044867387.jpg?param=140y140
31,Toramaru星,吉他，贝斯，鼓和日本女孩,5645,9,78,日语摇滚朋克,http://p1.music.126.net/fUVSnjjqDfZ5lBQUdKxA_Q==/18755469348823603.jpg?param=140y140
32,雾予晨,生活不需要那么精彩，只要快乐就好,21558,0,731,华语流行治愈,http://p1.music.126.net/MpozMhZXlFuiCMzGJLeRTg==/109951163398437813.jpg?param=140y140
33,RainyRayne,「人间不值得，就爱穷开心」,11573,3,108,华语流行旅行,http://p1.music.126.net/4ZFkLc4DySKXceMCrFJ9-g==/109951163377223286.jpg?param=140y140
34,LalisaManoban,韩国Deep House 深邃浓郁的低沉节奏,2007,9,66,韩语电子舞曲,http://p1.music.126.net/EvIL2LzpzkGqETFYAmiLNw==/109951163386687316.jpg?param=140y140
0,太滚妮呀,『甜系治愈』琐碎但可以确定的幸福,1561,2,26,韩语治愈清新,http://p1.music.126.net/B_NKwOchwF1xHu_2Nadd7g==/19184278882055305.jpg?param=140y140
1,米契比,「清新女声」待到山花烂漫时，她在丛中笑,2714,8,27,欧美流行清新,http://p1.music.126.net/5fY4TJSkgGZ0mU0zES-9dg==/109951163389905268.jpg?param=140y140
2,q~先森,白日梦蓝 | 规格化时代巨塔下的青年惆怅客,4616,0,94,华语摇滚民谣,http://p1.music.126.net/NQip02dRi10BhDhrGntlGw==/109951163380583532.jpg?param=140y140
3,虎嗅后街77号,足球离不开这些音乐，FIFA史上经典歌曲,4528,0,38,欧美运动游戏,http://p1.music.126.net/uDEIxFsFJwczF-GP0Cs5jg==/109951163376105522.jpg?param=140y140
4,黄鲲_,「焦虑治疗室 The Anxiety Lounge」,33090,9,360,流行民谣说唱,http://p1.music.126.net/SWxGET5hhsReUJwrcJNWUA==/109951163368782425.jpg?param=140y140
5,养生电子,电音推拿 | 脑电波的恣意舞蹈,1989,0,14,华语电子兴奋,http://p1.music.126.net/rTTrIQhQaKZLAnWDkht8Zw==/109951163382168735.jpg?param=140y140
6,Sk1un,梦幻流行|迷幻氛围的飘浮梦境,16527,2,136,电子另类/独立摇滚,http://p1.music.126.net/kuEI_94a3Sl8etx4pkdQzQ==/18604836255751868.jpg?param=140y140
7,不安定的滑稽,海底月是天上月，眼前人是心上人,8927,9,109,日语ACG感动,http://p1.music.126.net/-mYyB2Dgf7Rn6uk3fHcXPA==/19162288649488556.jpg?param=140y140
8,NoOneCareyou,『华语』谈啥恋爱呀！单身不爽吗？,19739,1,533,华语流行治愈,http://p1.music.126.net/Q2yeElrAuIgmD1aybF5pNw==/109951163367237098.jpg?param=140y140
9,三月木子酱,我们孤独的太过相似,8689,7,133,日语孤独,http://p1.music.126.net/uIQ7VVAXnDRyfw1lC_OYdQ==/19218363742509143.jpg?param=140y140
10,女烬,从现在开始 你就是我的达令了,817,5,62,浪漫夜晚孤独,http://p1.music.126.net/Gcf5rO9TUVdTPuxCXG1HCg==/109951163376918844.jpg?param=140y140
11,云音乐VIP,牙买加摇摆节奏??|??海滩手鼓朗姆酒,2428,5,33,雷鬼兴奋快乐,http://p1.music.126.net/PJTYrzvyIiVGD4UC9TvUzA==/109951163375239023.jpg?param=140y140
12,RoyalBerry,「韩语」花向，听说吃朵花会变成可爱的人啊,1595,0,62,韩语流行治愈,http://p1.music.126.net/xH-vvcNgQfjtMpE6BXgEag==/18917097556494538.jpg?param=140y140
13,TaylorSwiftCollection,Reputation巡演曲目收录,487,4,30,欧美流行,http://p1.music.126.net/LH3GZA7Wjib1NUFcrLlovg==/109951163384425553.jpg?param=140y140
14,苏箫羽,城市星空下的两颗契合灵魂°,4200,8,58,欧美电子浪漫,http://p1.music.126.net/pLM_vVwFIJ0HO60Ia3NrpQ==/18946784370214676.jpg?param=140y140
15,阿宅佐藤氏,2018年7月～9月新番音乐大合集（施工中！）,514,2,21,ACG日语,http://p1.music.126.net/hsH4bNWsj7hL4--0gOBcPQ==/18619129906961891.jpg?param=140y140
16,摇滚纪事,藏在你身后跳舞,653,0,23,浪漫快乐,http://p1.music.126.net/kRSKCg-pKEB-kqMVQnevMg==/109951163390403501.jpg?param=140y140
17,流年忧光影,那首关于我们的歌，你把结局唱给了谁听？,3903,1,29,华语流行伤感,http://p1.music.126.net/cScHUsd2DjN-x1j3y_fZxg==/109951163366481246.jpg?param=140y140
18,云音乐VIP,冰岛音乐??|??美如极光下的精灵在呢喃,2517,9,59,小语种另类/独立后摇,http://p1.music.126.net/y4fmY6xbDWQloh8jd7KHvQ==/109951163378457444.jpg?param=140y140
19,卿公子的字,有意思！这些歌同名不同曲唱出别样旋律,37480,4,872,华语流行,http://p1.music.126.net/u0sacSODkgXoOs4Py0s_0A==/18753270325565458.jpg?param=140y140
20,山茶的瓶中遐想,「杂糅语言」在英伦时光，唱日系悠扬,1577,8,13,流行欧美日语,http://p1.music.126.net/LSOc2QmSkIuWK7Yd5S6MCQ==/109951163376964350.jpg?param=140y140
21,云音乐VIP,夏至听歌 | 比冰镇西瓜更清凉的夏日旋律,4816,5,67,清新治愈放松,http://p1.music.126.net/l_BxA6tlAwY9izoB3ejoCA==/109951163368425228.jpg?param=140y140
22,Spyromun_,韩RapSoul ・ 画中有你 笔下斑斓世界,1685,1,36,韩语R&amp;B/Soul思念,http://p1.music.126.net/cIXnkjaFrf-gMpte4ALQ8g==/109951163377174523.jpg?param=140y140
23,25oneBE,再给我一首歌的时间（情歌说唱持更）,94,0,4,华语说唱R&amp;B/Soul,http://p1.music.126.net/7nN78Gh1i4FqRB0CxCJTow==/109951163409930407.jpg?param=140y140
24,FlyingClub,Vol. 49「L 末 | 交 x 歌 舞 d」,6832,1,146,R&amp;B/Soul舞曲,http://p1.music.126.net/VSmAhvKtOstkE0HVUmJcsQ==/109951163374441932.jpg?param=140y140
25,Bulletproof-Heart,SummerTIME 朋克夏日计划,7449,1,211,欧美朋克清新,http://p1.music.126.net/VzjkUjPirxQgzvkxWqy01A==/19150194021592486.jpg?param=140y140
26,云音乐VIP,毕业季 | 尚未佩妥剑 转眼即江湖,3556,8,49,校园怀旧,http://p1.music.126.net/60JD5rwRe2p9-WWHMVzgQg==/109951163368624506.jpg?param=140y140
27,浮梦沉生,想与你执手相伴，看过阴晴雨雪,11213,9,128,华语流行,http://p1.music.126.net/WA-AGubftHTFzYW0SrGugA==/18978670207508532.jpg?param=140y140
28,孩子王kidswant,4-6月：全脑开发，激发胎儿潜力,600,4,7,清新治愈放松,http://p1.music.126.net/n2dDyPYycPfzOmIc3QfSFQ==/109951163366644527.jpg?param=140y140
29,云音乐VIP,追梦时代??承包你的心动时刻,227,6,13,流行经典榜单,http://p1.music.126.net/YNICDB4NNGxslU96hHcq1g==/109951163377162760.jpg?param=140y140
30,摇智,放克来袭 | 一键开启律动时光,5689,6,32,华语R&amp;B/Soul放松,http://p1.music.126.net/1-quMYddvOZwuG6A5j9s-g==/109951163368297427.jpg?param=140y140
31,电影歌迷库,一千零一夜 电视剧背景乐,11,6,评论,华语浪漫治愈,http://p1.music.126.net/-ZSLVYkUdGxfd8OcCWtm6A==/18919296579750955.jpg?param=140y140
32,初音_Miku酱,温柔的心之旋律，化为我心灵的慰藉,6382,2,61,日语电子ACG,http://p1.music.126.net/nMRpfuSSbjVxE6I8_3yJOg==/109951163372893632.jpg?param=140y140
33,名侦探-柯北,写歌人在写他的故事，听歌人在回忆往事,66676,,284,华语流行伤感,http://p1.music.126.net/E4bvI-CHnzi8WKDdR0Gy0A==/109951163368412162.jpg?param=140y140
34,泽野猫美,日系｜摇曳在梦境的星辰,25540,,125,日语放松ACG,http://p1.music.126.net/zoZ0XtmzYumQCpmZ23a4Wg==/109951163369645252.jpg?param=140y140
